,Fund Name,Fund Size,Largecap Holding,Midcap Holding,Smallcap Holding,Tinycap Holding,Stocks Held,Stocks Sector,Percent Held
0,Quant Focused Fund,77 Crs,82.29 %,16.63 %,1.08%,0%,"['Adani Enterprises Ltd.', 'Vedanta Ltd.', 'Adani Ports and Special Economic Zone Ltd.', 'ITC Ltd.', 'ICICI Bank Ltd.', 'IRB Infrastructure Developers Ltd.', 'State Bank of India', 'Ruchi Soya Inds. Ltd.', 'Gland Pharma Ltd.', 'Coal India Ltd.', 'Tata Steel Ltd.', 'Larsen & Toubro Ltd.', 'Piramal Enterprises Ltd.', 'TV18 Broadcast Ltd.', 'HDFC Bank Ltd.', 'Ambuja Cements Ltd.', 'Oil & Natural Gas Corpn. Ltd.', 'DLF Ltd.', 'Just Dial Ltd.', ""Dr. Reddy's Laboratories Ltd."", 'Aurobindo Pharma Ltd.']","['Services', 'Metals & Mining', 'Services', 'Consumer Staples', 'Financial', 'Construction', 'Financial', 'Consumer Staples', 'Healthcare', 'Materials', 'Metals & Mining', 'Construction', 'Healthcare', 'Services', 'Financial', 'Materials', 'Energy', 'Construction', 'Services', 'Healthcare', 'Healthcare']","['8.72%', '7.99%', '7.73%', '7.72%', '6.3%', '6.02%', '5.82%', '5.75%', '4.48%', '4.37%', '4.07%', '3.9%', '3.35%', '2.58%', '2.37%', '2.35%', '1.98%', '1.48%', '0.96%', '0.49%', '0.43%']"
1,Quant Tax Plan,"1,166 Crs",55.57 %,34.45 %,9.98%,0%,"['Vedanta Ltd.', 'Adani Enterprises Ltd.', 'Ruchi Soya Inds. Ltd.', 'State Bank of India', 'Adani Ports and Special Economic Zone Ltd.', 'ICICI Bank Ltd.', 'ITC Ltd.', 'Coal India Ltd.', 'Larsen & Toubro Ltd.', 'Indian Hotels Co. Ltd.', 'Himachal Futuristic Communications Ltd.', 'IRB Infrastructure Developers Ltd.', 'TV18 Broadcast Ltd.', 'Ashok Leyland Ltd.', 'Gland Pharma Ltd.', 'Linde India Ltd.', 'VRL Logistics Ltd.', 'Indiabulls Real Estate Ltd.', 'GMR Infrastructure Ltd.', 'Container Corpn. Of India Ltd.', 'Glenmark Pharmaceuticals Ltd.', 'Oracle Financial Services Software Ltd.', ""Dr. Reddy's Laboratories Ltd."", 'Tata Communications Ltd.', 'Ambuja Cements Ltd.', 'Prestige Estates Projects Ltd.', 'Indiabulls Housing Finance Ltd.', 'Fortis Healthcare (India) Ltd', 'Oil & Natural Gas Corpn. Ltd.', 'Gokaldas Exports Ltd.', 'Just Dial Ltd.', 'Stylam Industries Ltd.', 'Piramal Enterprises Ltd.', 'Aurobindo Pharma Ltd.', 'Caplin Point Laboratories Ltd.', 'Aegis Logistics Ltd.', 'Arvind Ltd.', 'Hindustan Copper Ltd.', 'Crisil Ltd.', 'Sun TV Network Ltd.', 'National Aluminium Co. Ltd.', 'Canara Bank', 'Macrotech Developers Ltd.', 'Tata Steel Ltd.', 'SP Apparels Ltd.', 'Himatsingka Seide Ltd.', 'Anupam Rasayan India Ltd.']","['Metals & Mining', 'Services', 'Consumer Staples', 'Financial', 'Services', 'Financial', 'Consumer Staples', 'Materials', 'Construction', 'Services', 'Communication', 'Construction', 'Services', 'Automobile', 'Healthcare', 'Chemicals', 'Services', 'Construction', 'Construction', 'Services', 'Healthcare', 'Technology', 'Healthcare', 'Communication', 'Materials', 'Construction', 'Financial', 'Healthcare', 'Energy', 'Textiles', 'Services', 'Materials', 'Healthcare', 'Healthcare', 'Healthcare', 'Services', 'Textiles', 'Metals & Mining', 'Services', 'Services', 'Metals & Mining', 'Financial', 'Construction', 'Metals & Mining', 'Textiles', 'Textiles', 'Chemicals']","['6.53%', '5.8%', '5.75%', '5.7%', '5.57%', '5.26%', '5.18%', '5.11%', '5.04%', '3.93%', '2.65%', '2.42%', '2.36%', '1.69%', '1.45%', '1.43%', '1.38%', '1.28%', '1.24%', '1.18%', '1.09%', '1.06%', '1.05%', '1.03%', '0.94%', '0.93%', '0.93%', '0.92%', '0.91%', '0.9%', '0.85%', '0.84%', '0.76%', '0.72%', '0.72%', '0.7%', '0.69%', '0.61%', '0.57%', '0.54%', '0.48%', '0.46%', '0.43%', '0.37%', '0.34%', '0.26%', '0.11%']"
2,Axis Growth Opportunities Fund,"7,250 Crs",55.43 %,41.6 %,2.97%,0%,"['Bajaj Finance Ltd.', 'PI Industries Ltd.', 'Tata Elxsi Ltd.', 'Cholamandalam Investment & Finance Co. Ltd.', 'Info Edge (India) Ltd.', 'Astral Poly Technik Ltd.', 'Torrent Power Ltd.', 'NIIT Technologies Ltd.', 'Avenue Supermarts Ltd.', 'Sundaram Finance Ltd.', 'TTK Prestige Ltd.', 'Indian Hotels Co. Ltd.', 'Microsoft Corportion (US)', 'Clean Science And Technology Ltd.', 'Gland Pharma Ltd.', 'Sona BLW Precision Forgings Ltd.', 'Alphabet Inc Class A', 'Supreme Industries Ltd.', 'Amazon. com Inc. (USA)', 'Pidilite Industries Ltd.', 'Sumitomo Chemical India Pvt. Ltd.', 'Persistent Systems Ltd.', ""Divi's Laboratories Ltd."", 'Adi Finechem Ltd.', 'Balrampur Chini Mills Ltd.', 'Crompton Greaves Ltd.', 'United Health Group Inc.', 'Astra Zeneca', 'Visa Inc', 'Anthem Inc.', 'Vijaya Diagnostic Centre Ltd.', 'American Express Company', 'Merck & Co Inc (US)', 'Procter & Gamble (USA)', 'Nestle S. A (Switzerland)', 'Union Pacific Corporation', 'Tata Consultancy Services Ltd.', 'Roche Holding AG Gen (UK)', 'JP Morgan Chase & Co. (US)', 'Autozone Inc', 'Booking Holdings Inc', 'Texas Instruments Inc. (US)', 'Diageo Plc', 'Edwards Lifesciences Corp', 'Facebook Co', 'Aptus Value Housing Finance India Ltd.', 'Adobe Systems Inc. (USA)', 'Taiwan Semiconductor Manufacturing Co Ltd. (Taiwan)', 'Endurance Technologies Ltd.', 'Lowe S Companies Inc (USA)', 'Fortive Corporation', 'AIA Group (Hongkong)', 'Infosys Ltd.', 'Sansera Engineering Ltd.', 'Vardhman Textiles Ltd.', 'Vedant Fashions Ltd.', 'Linde India Ltd.', 'FSN E-Commerce Ventures Ltd.', 'Central Depository Services (India) Ltd.', 'United Spirits Ltd.', 'HDFC Standard Life Insurance Company Ltd.', 'Motherson Sumi Systems Ltd.', 'Honeywell Automation India Ltd.', 'LatentView Analytics Ltd.', 'Tata Power Co. Ltd.', 'Motherson Sumi Wiring India Ltd.', 'Blue Dart Express Ltd.', 'Phoenix Mills Ltd.', 'Laurus Labs Ltd.', 'Alibaba Group Holdings Ltd.', 'Catholic Syrian Bank Ltd.', 'Chemplast Sanmar Ltd.', 'PB Fintech Ltd.', 'ICICI Securities Ltd.', 'Go Fashion (India) Ltd.']","['Financial', 'Chemicals', 'Technology', 'Financial', 'Services', 'Materials', 'Energy', 'Technology', 'Services', 'Financial', 'Consumer Discretionary', 'Services', 'Technology', 'Chemicals', 'Healthcare', 'Automobile', 'Services', 'Materials', 'Services', 'Chemicals', 'Chemicals', 'Technology', 'Healthcare', 'Chemicals', 'Consumer Staples', 'Capital Goods', 'Healthcare', 'Healthcare', 'Financial', 'Healthcare', 'Healthcare', 'Financial', 'Healthcare', 'Consumer Staples', 'Consumer Staples', 'Services', 'Technology', 'Financial', 'Financial', 'Services', 'Services', 'Capital Goods', 'Consumer Staples', 'Healthcare', 'Services', 'Financial', 'Technology', 'Capital Goods', 'Automobile', 'Consumer Discretionary', 'Capital Goods', 'Financial', 'Technology', 'Automobile', 'Textiles', 'Textiles', 'Chemicals', 'Services', 'Financial', 'Consumer Staples', 'Insurance', 'Automobile', 'Capital Goods', 'Technology', 'Energy', 'Automobile', 'Services', 'Construction', 'Healthcare', 'Services', 'Financial', 'Chemicals', 'Services', 'Financial', 'Services']","['8.77%', '5.25%', '4.4%', '4%', '3.71%', '3.71%', '3.65%', '3.64%', '3.49%', '3.07%', '1.89%', '1.5%', '1.39%', '1.35%', '1.33%', '1.23%', '1.22%', '1.16%', '1.14%', '1.07%', '0.98%', '0.98%', '0.95%', '0.93%', '0.91%', '0.89%', '0.88%', '0.87%', '0.83%', '0.82%', '0.81%', '0.79%', '0.78%', '0.78%', '0.78%', '0.78%', '0.78%', '0.74%', '0.72%', '0.71%', '0.7%', '0.69%', '0.69%', '0.68%', '0.65%', '0.61%', '0.61%', '0.6%', '0.59%', '0.59%', '0.55%', '0.53%', '0.53%', '0.47%', '0.47%', '0.44%', '0.38%', '0.37%', '0.34%', '0.31%', '0.3%', '0.18%', '0.14%', '0.13%', '0.09%', '0.08%', '0.08%', '0.02%', '0.02%', '0.02%', '0.01%', '0.01%', '0.01%', '0.01%', '0.01%']"
3,Canara Robeco Small Cap Fund,"2,344 Crs",4.61 %,46.94 %,48.45%,0%,"['KPR Mills Ltd.', 'Schaeffler India Ltd.', 'Can Fin Homes Ltd.', 'Cera Sanitaryware Ltd.', 'Persistent Systems Ltd.', 'MindTree Ltd.', 'Grindwell Norton Ltd.', 'Balrampur Chini Mills Ltd.', 'Orient Refractories Limited', 'VRL Logistics Ltd.', 'Mahindra Lifespace Developers Ltd.', 'City Union Bank Ltd.', 'Greenpanel Industries Ltd.', 'KNR Constructions Ltd.', 'VIP Industries Ltd.', 'Grameen Financial Services Pvt Ltd.', 'PNC Infratech Ltd.', 'UTI Asset Management Company Ltd.', 'TeamLease Services Ltd.', 'Angel Broking Ltd.', 'Great Eastern Shipping Company Ltd.', 'EID-Parry (India) Ltd.', 'National Aluminium Co. Ltd.', 'Ultratech Cement Ltd.', 'V-Mart Retail Ltd.', 'Century Textiles & Industries Ltd.', 'PVR Ltd.', 'Mold-Tek Packaging Ltd.', 'NOCIL Ltd.', 'Aditya Birla Fashion and Retail Ltd.', 'Indian Energy Exchange Ltd.', 'Sobha Ltd.', 'Equitas Micro Finance India Pvt Ltd.', 'Indian Bank', 'TCI Express Ltd.', 'Computer Age Management Services Ltd.', 'Greenply Industries Ltd.', 'ICRA Ltd.', 'BSE Ltd.', 'Timken India Ltd.', 'Suven Pharmaceutical Ltd.', 'Thermax Ltd.', 'Clean Science And Technology Ltd.', 'Ahluwalia Contracts (India) Ltd.', 'Subros Ltd.', 'Max Healthcare Institute Ltd.', 'KEC International Ltd.', 'Essel Propack Ltd.', 'Galaxy Surfactants Ltd.', 'Central Depository Services (India) Ltd.', 'Rallis India Ltd.', 'Honeywell Automation India Ltd.', 'Fine Organic Industries Ltd.', 'Greenlam Industries Ltd.', 'Deepak Nitrite Ltd.', 'DCB Bank Ltd.', 'Shriram City Union Finance Ltd.', 'Anand Rathi Wealth Ltd.', 'Vedant Fashions Ltd.', 'Gulf Oil Lubricants India Ltd.']","['Textiles', 'Capital Goods', 'Financial', 'Materials', 'Technology', 'Technology', 'Metals & Mining', 'Consumer Staples', 'Capital Goods', 'Services', 'Construction', 'Financial', 'Materials', 'Construction', 'Materials', 'Financial', 'Construction', 'Financial', 'Services', 'Financial', 'Services', 'Consumer Staples', 'Metals & Mining', 'Materials', 'Services', 'Consumer Staples', 'Services', 'Materials', 'Materials', 'Services', 'Services', 'Construction', 'Financial', 'Financial', 'Services', 'Services', 'Materials', 'Services', 'Financial', 'Capital Goods', 'Healthcare', 'Capital Goods', 'Chemicals', 'Construction', 'Automobile', 'Healthcare', 'Capital Goods', 'Materials', 'Chemicals', 'Financial', 'Chemicals', 'Capital Goods', 'Chemicals', 'Materials', 'Chemicals', 'Financial', 'Financial', 'Financial', 'Textiles', 'Chemicals']","['2.81%', '2.8%', '2.79%', '2.73%', '2.66%', '2.62%', '2.48%', '2.4%', '2.31%', '2.31%', '2.17%', '2.15%', '2.12%', '2.12%', '1.98%', '1.94%', '1.92%', '1.91%', '1.8%', '1.75%', '1.72%', '1.72%', '1.72%', '1.63%', '1.57%', '1.55%', '1.55%', '1.53%', '1.52%', '1.51%', '1.44%', '1.43%', '1.43%', '1.42%', '1.4%', '1.39%', '1.37%', '1.35%', '1.35%', '1.29%', '1.26%', '1.24%', '1.23%', '1.23%', '1.17%', '1.16%', '1.07%', '1.06%', '1.06%', '1.04%', '1%', '1%', '0.92%', '0.86%', '0.83%', '0.77%', '0.71%', '0.64%', '0.48%', '0.14%']"
4,PGIM India Midcap Opportunities Fund,"4,887 Crs",11.49 %,75.11 %,13.4%,0%,"['Persistent Systems Ltd.', 'Cummins India Ltd.', 'ABB Ltd.', 'Federal Bank Ltd.', 'HDFC Bank Ltd.', 'Odisha Cement Ltd.', 'TVS Motor Co. Ltd.', 'Timken India Ltd.', 'Ashok Leyland Ltd.', 'Alkem Laboratories Ltd.', 'Sanofi India Ltd.', 'Varun Beverages Ltd.', 'Cholamandalam Investment & Finance Co. Ltd.', 'Kajaria Ceramics Ltd.', 'Bharat Forge Ltd.', 'Radico Khaitan Ltd.', 'Max Financial Services Ltd.', 'MindTree Ltd.', 'Tata Chemicals Ltd.', 'JB Chemicals & Pharmaceuticals Ltd.', 'Container Corpn. Of India Ltd.', 'Gujarat Gas Ltd.', 'Steel Authority Of India Ltd.', 'Zee Entertainment Enterprises Ltd.', 'Graphite India Ltd.', 'APL Apollo Tubes Ltd.', 'Aarti Industries Ltd.', 'L&T Technology Services Ltd.', 'SKF India Ltd.', 'Dixon Technologies (India) Ltd.', 'Laurus Labs Ltd.', 'Indian Hotels Co. Ltd.', 'Bharat Rasayan Ltd.', 'Sagar Cements Ltd.', 'India Glycols Ltd.', 'Sobha Ltd.', 'Infosys Ltd.', 'Stove Kraft Ltd.', 'Gokaldas Exports Ltd.', 'Glaxosmithkline Pharmaceuticals Ltd.', 'Kolte Patil Developers Ltd.', 'Gujarat State Petronet Ltd.', 'Voltas Ltd.', 'BASF India Ltd.', 'Praj Industries Ltd.', 'Greenply Industries Ltd.', 'Navin Fluorine International Ltd.', 'Minda Industries Ltd.', 'NIIT Technologies Ltd.', 'TCNS Clothing Co Ltd.']","['Technology', 'Capital Goods', 'Capital Goods', 'Financial', 'Financial', 'Materials', 'Automobile', 'Capital Goods', 'Automobile', 'Healthcare', 'Healthcare', 'Consumer Staples', 'Financial', 'Materials', 'Automobile', 'Consumer Staples', 'Financial', 'Technology', 'Chemicals', 'Healthcare', 'Services', 'Energy', 'Metals & Mining', 'Services', 'Capital Goods', 'Metals & Mining', 'Chemicals', 'Technology', 'Capital Goods', 'Capital Goods', 'Healthcare', 'Services', 'Chemicals', 'Materials', 'Chemicals', 'Construction', 'Technology', 'Consumer Discretionary', 'Textiles', 'Healthcare', 'Construction', 'Energy', 'Consumer Discretionary', 'Chemicals', 'Capital Goods', 'Materials', 'Chemicals', 'Automobile', 'Technology', 'Textiles']","['4.74%', '3.72%', '3.44%', '3.39%', '3.38%', '3.37%', '3.2%', '3.06%', '3%', '2.86%', '2.86%', '2.72%', '2.61%', '2.59%', '2.4%', '2.36%', '2.22%', '2.15%', '2.09%', '2.09%', '2.06%', '2.06%', '2.02%', '2.01%', '2%', '1.93%', '1.92%', '1.83%', '1.79%', '1.76%', '1.65%', '1.62%', '1.6%', '1.59%', '1.48%', '1.4%', '1.37%', '1.24%', '1.22%', '1.12%', '0.8%', '0.8%', '0.76%', '0.75%', '0.72%', '0.64%', '0.63%', '0.57%', '0.55%', '0.53%']"
5,SBI Contra Fund,"4,209 Crs",48.44 %,26.15 %,25.15%,0.27%,"['Nifty 50', 'GAIL (India) Ltd.', 'HCL Technologies Ltd.', 'TI Financial Holdings Ltd.', 'ICICI Bank Ltd.', 'Neogen Chemicals Ltd.', 'NMDC Ltd.', 'State Bank of India', 'Reliance Industries Ltd.', 'ITC Ltd.', 'Infosys Ltd.', 'NHPC Ltd.', 'Indian Hotels Co. Ltd.', 'Phoenix Mills Ltd.', 'Cognizant Technology Solutions Corp.', 'Axis Bank Ltd.', 'Tech Mahindra Ltd.', 'Carborundum Universal Ltd.', 'Mahindra & Mahindra Ltd.', 'Ambuja Cements Ltd.', 'Info Edge (India) Ltd.', 'Bajaj Auto Ltd.', 'Kajaria Ceramics Ltd.', 'Kotak Mahindra Bank Ltd.', 'Prism Cement Ltd.', 'Gateway Distriparks Ltd.', 'Colgate-Palmolive (India) Ltd.', 'HDFC Bank Ltd.', ""Dr. Reddy's Laboratories Ltd."", 'Equitas Micro Finance India Pvt Ltd.', 'Wendt (India) Ltd.', 'ICICI Prudential Life Insurance Company Ltd.', 'Disa India Ltd.', 'Esab India Ltd.', 'Kalpataru Power Transmission Ltd.', 'KPR Mills Ltd.', 'Bharti Airtel Ltd.', 'Greenply Industries Ltd.', 'Ashiana Housing Ltd.', 'Ashok Leyland Ltd.', 'Torrent Power Ltd.', 'Lupin Ltd.', 'Ingersoll Rand India Ltd.', 'CESC Ltd.', 'V-Guard Industries Ltd.', 'Aurobindo Pharma Ltd.', 'Automotive Axles Ltd.', 'Go Fashion (India) Ltd.', 'Bharat Petroleum Corpn. Ltd.', 'Motherson Sumi Wiring India Ltd.', 'NetFlix Inc. (USA)', 'Bank Of Baroda', 'Rallis India Ltd.', 'International Paper APPM Ltd.', 'Bosch Ltd.', 'Westlife Development Ltd.', 'JMC Projects (India) Ltd.', 'Indian Bank', 'Bharti Airtel Ltd. Partly Paid Equity', 'Prestige Estates Projects Ltd.', 'UPL Ltd.', 'Prataap Snacks Ltd.', 'Chennai Petroleum Corpn. Ltd.', 'Rolex Rings Ltd.', 'Biocon Ltd.', 'Mazagon Dock Shipbuilders Ltd.', 'Sadbhav Engineering Ltd.', 'Minda Corporation Ltd.', 'Others', 'Restaurant Brands Asia Ltd.']","['Others', 'Energy', 'Technology', 'Automobile', 'Financial', 'Chemicals', 'Metals & Mining', 'Financial', 'Energy', 'Consumer Staples', 'Technology', 'Energy', 'Services', 'Construction', 'Technology', 'Financial', 'Technology', 'Metals & Mining', 'Automobile', 'Materials', 'Services', 'Automobile', 'Materials', 'Financial', 'Materials', 'Services', 'Consumer Staples', 'Financial', 'Healthcare', 'Financial', 'Metals & Mining', 'Insurance', 'Capital Goods', 'Capital Goods', 'Capital Goods', 'Textiles', 'Communication', 'Materials', 'Construction', 'Automobile', 'Energy', 'Healthcare', 'Capital Goods', 'Energy', 'Consumer Discretionary', 'Healthcare', 'Automobile', 'Services', 'Energy', 'Automobile', 'Services', 'Financial', 'Chemicals', 'Consumer Staples', 'Automobile', 'Services', 'Construction', 'Financial', 'Communication', 'Construction', 'Chemicals', 'Consumer Staples', 'Energy', 'Capital Goods', 'Healthcare', 'Capital Goods', 'Construction', 'Automobile', 'Others', 'Services']","['7.06%', '3.16%', '2.96%', '2.93%', '2.51%', '2.43%', '2.39%', '2.26%', '2.2%', '2.17%', '2.06%', '2.02%', '1.99%', '1.8%', '1.72%', '1.7%', '1.57%', '1.51%', '1.51%', '1.49%', '1.47%', '1.36%', '1.33%', '1.31%', '1.31%', '1.26%', '1.25%', '1.23%', '1.22%', '1.22%', '1.21%', '1.17%', '1.09%', '1.08%', '1.08%', '1.07%', '1.06%', '1.01%', '1%', '0.95%', '0.93%', '0.88%', '0.87%', '0.84%', '0.82%', '0.82%', '0.81%', '0.8%', '0.77%', '0.77%', '0.77%', '0.74%', '0.71%', '0.7%', '0.69%', '0.63%', '0.61%', '0.55%', '0.54%', '0.53%', '0.5%', '0.48%', '0.39%', '0.39%', '0.36%', '0.28%', '0.22%', '0.19%', '0.05%', '0.04%']"
6,Canara Robeco Bluechip Equity Fund,"6,647 Crs",93.88 %,6.12 %,0%,0%,"['Infosys Ltd.', 'ICICI Bank Ltd.', 'HDFC Bank Ltd.', 'Reliance Industries Ltd.', 'Tata Consultancy Services Ltd.', 'Bajaj Finance Ltd.', 'Larsen & Toubro Ltd.', 'State Bank of India', 'Bharti Airtel Ltd.', 'Axis Bank Ltd.', 'Kotak Mahindra Bank Ltd.', 'Hindustan Unilever Ltd.', 'Maruti Suzuki India Ltd.', 'Sun Pharmaceutical Inds. Ltd.', 'Ultratech Cement Ltd.', 'Housing Development Finance Corpn. Ltd.', 'HCL Technologies Ltd.', 'Mphasis Ltd.', 'United Spirits Ltd.', 'Avenue Supermarts Ltd.', 'Bajaj Auto Ltd.', 'Tata Motors Ltd.', 'Voltas Ltd.', 'Tata Steel Ltd.', 'Tata Global Beverages Ltd.', 'ITC Ltd.', 'Gland Pharma Ltd.', ""Divi's Laboratories Ltd."", 'Page Industries Ltd.', 'Ambuja Cements Ltd.', 'Max Healthcare Institute Ltd.', 'Hindalco Industries Ltd.', 'HDFC Standard Life Insurance Company Ltd.', 'Max Financial Services Ltd.', 'Gujarat Gas Ltd.', 'Titan Company Ltd.', 'PI Industries Ltd.', 'Asian Paints Ltd.', 'Cipla Ltd.', 'ABB Ltd.', 'Godrej Consumer Products Ltd.', 'Cholamandalam Investment & Finance Co. Ltd.', 'Jubilant FoodWorks Ltd.', 'Abbott India Ltd.']","['Technology', 'Financial', 'Financial', 'Energy', 'Technology', 'Financial', 'Construction', 'Financial', 'Communication', 'Financial', 'Financial', 'Consumer Staples', 'Automobile', 'Healthcare', 'Materials', 'Financial', 'Technology', 'Technology', 'Consumer Staples', 'Services', 'Automobile', 'Automobile', 'Consumer Discretionary', 'Metals & Mining', 'Consumer Staples', 'Consumer Staples', 'Healthcare', 'Healthcare', 'Textiles', 'Materials', 'Healthcare', 'Metals & Mining', 'Insurance', 'Financial', 'Energy', 'Consumer Discretionary', 'Chemicals', 'Materials', 'Healthcare', 'Capital Goods', 'Consumer Staples', 'Financial', 'Services', 'Healthcare']","['9.08%', '8.33%', '8.04%', '8.04%', '4.76%', '4.15%', '3.39%', '3.12%', '3.08%', '2.85%', '2.45%', '2.12%', '2.11%', '2.09%', '2.05%', '2.03%', '1.87%', '1.71%', '1.62%', '1.46%', '1.43%', '1.4%', '1.29%', '1.22%', '1.18%', '1.17%', '1.08%', '1.08%', '1.06%', '1.01%', '0.98%', '0.98%', '0.95%', '0.94%', '0.88%', '0.87%', '0.79%', '0.53%', '0.52%', '0.49%', '0.31%', '0.29%', '0.26%', '0.2%']"
7,Quant Active Fund,"2,107 Crs",42.15 %,39.47 %,17.86%,0.52%,"['Vedanta Ltd.', 'ITC Ltd.', 'State Bank of India', 'Linde India Ltd.', 'Larsen & Toubro Ltd.', 'Fortis Healthcare (India) Ltd', 'Adani Ports and Special Economic Zone Ltd.', 'Ruchi Soya Inds. Ltd.', 'Adani Enterprises Ltd.', 'IRB Infrastructure Developers Ltd.', 'National Aluminium Co. Ltd.', 'Coal India Ltd.', 'Crisil Ltd.', 'TV18 Broadcast Ltd.', 'ICICI Bank Ltd.', 'Aurobindo Pharma Ltd.', 'Himachal Futuristic Communications Ltd.', 'Indiabulls Housing Finance Ltd.', 'Tata Communications Ltd.', 'Aegis Logistics Ltd.', 'Hindustan Copper Ltd.', 'Glenmark Life Sciences Ltd.', 'Stylam Industries Ltd.', 'Sunteck Realty Ltd.', 'Gland Pharma Ltd.', 'Gokaldas Exports Ltd.', 'ICICI Securities Ltd.', 'Indiabulls Real Estate Ltd.', 'Prestige Estates Projects Ltd.', 'Sumitomo Chemical India Pvt. Ltd.', 'EID-Parry (India) Ltd.', 'Just Dial Ltd.', 'Indian Hotels Co. Ltd.', 'Arvind Ltd.', 'Sun TV Network Ltd.', 'Welspun Corp Ltd.', 'Ashok Leyland Ltd.', 'Container Corpn. Of India Ltd.', 'Century Enka Ltd.', 'India Pesticides Ltd.', 'Ambuja Cements Ltd.', 'Dishman Carbogen Amcis Ltd.', 'Piramal Enterprises Ltd.', 'Canara Bank', 'India Cements Ltd.', 'Exxaro Tiles Ltd.', 'Rossell India Ltd.']","['Metals & Mining', 'Consumer Staples', 'Financial', 'Chemicals', 'Construction', 'Healthcare', 'Services', 'Consumer Staples', 'Services', 'Construction', 'Metals & Mining', 'Materials', 'Services', 'Services', 'Financial', 'Healthcare', 'Communication', 'Financial', 'Communication', 'Services', 'Metals & Mining', 'Healthcare', 'Materials', 'Construction', 'Healthcare', 'Textiles', 'Financial', 'Construction', 'Construction', 'Chemicals', 'Consumer Staples', 'Services', 'Services', 'Textiles', 'Services', 'Metals & Mining', 'Automobile', 'Services', 'Textiles', 'Chemicals', 'Materials', 'Healthcare', 'Healthcare', 'Financial', 'Materials', 'Materials', 'Consumer Staples']","['8.29%', '6.53%', '5.65%', '4.56%', '4.39%', '3.97%', '3.92%', '3.78%', '3.44%', '3.27%', '2.74%', '2.62%', '2.51%', '1.96%', '1.9%', '1.86%', '1.76%', '1.63%', '1.47%', '1.44%', '1.42%', '1.39%', '1.39%', '1.35%', '1.27%', '1.25%', '1.21%', '1.15%', '1.1%', '1.05%', '1.03%', '1.03%', '1%', '0.98%', '0.96%', '0.95%', '0.84%', '0.81%', '0.79%', '0.77%', '0.75%', '0.62%', '0.52%', '0.51%', '0.5%', '0.48%', '0.37%']"
8,Quant Mid Cap Fund,361 Crs,17.53 %,80.62 %,1.85%,0%,"['Linde India Ltd.', 'Indian Hotels Co. Ltd.', 'Ruchi Soya Inds. Ltd.', 'National Aluminium Co. Ltd.', 'Tata Communications Ltd.', 'GMR Infrastructure Ltd.', 'Adani Ports and Special Economic Zone Ltd.', 'Adani Enterprises Ltd.', 'Fortis Healthcare (India) Ltd', 'Sun TV Network Ltd.', 'Godrej Industries Ltd.', 'Container Corpn. Of India Ltd.', 'Macrotech Developers Ltd.', 'Crisil Ltd.', 'Ashok Leyland Ltd.', 'Coromandel International Ltd.', 'Sumitomo Chemical India Pvt. Ltd.', 'Just Dial Ltd.', 'Oil India Ltd.', 'Tata Power Co. Ltd.', 'Oracle Financial Services Software Ltd.', 'ICICI Securities Ltd.', 'Piramal Enterprises Ltd.', 'IRB Infrastructure Developers Ltd.', 'Natco Pharma Ltd.', 'Coal India Ltd.', 'TV18 Broadcast Ltd.', 'Canara Bank', 'Glenmark Pharmaceuticals Ltd.', 'Hindustan Aeronautics Ltd.', 'Aurobindo Pharma Ltd.']","['Chemicals', 'Services', 'Consumer Staples', 'Metals & Mining', 'Communication', 'Construction', 'Services', 'Services', 'Healthcare', 'Services', 'Diversified', 'Services', 'Construction', 'Services', 'Automobile', 'Chemicals', 'Chemicals', 'Services', 'Energy', 'Energy', 'Technology', 'Financial', 'Healthcare', 'Construction', 'Healthcare', 'Materials', 'Services', 'Financial', 'Healthcare', 'Capital Goods', 'Healthcare']","['9.69%', '8.23%', '7.36%', '6.44%', '6.08%', '5.12%', '4.5%', '4.48%', '3.72%', '3.69%', '3.58%', '3.4%', '3.17%', '3.04%', '2.95%', '2.33%', '2.29%', '1.77%', '1.72%', '1.65%', '1.5%', '1.36%', '1.35%', '1.27%', '1.23%', '1.16%', '0.72%', '0.4%', '0.39%', '0.37%', '0.22%']"
9,Mirae Asset Emerging Bluechip Fund,"21,932 Crs",58.34 %,39.62 %,2.04%,0%,"['ICICI Bank Ltd.', 'Infosys Ltd.', 'HDFC Bank Ltd.', 'Axis Bank Ltd.', 'State Bank of India', 'Reliance Industries Ltd.', 'Sun Pharmaceutical Inds. Ltd.', 'SKF India Ltd.', 'Gujarat State Petronet Ltd.', 'Max Financial Services Ltd.', 'Larsen & Toubro Ltd.', 'JK Cement Ltd', 'Mphasis Ltd.', 'Tata Consultancy Services Ltd.', 'Tata Steel Ltd.', 'HCL Technologies Ltd.', 'Vinati Organics Ltd.', 'Emami Ltd.', 'Bharti Airtel Ltd.', 'Balkrishna Industries Ltd.', 'Bata India Ltd.', 'Shriram Transport Finance Co. Ltd.', 'Ipca Laboratories Ltd.', 'Page Industries Ltd.', 'Torrent Pharmaceuticals Ltd.', 'Maruti Suzuki India Ltd.', 'Aurobindo Pharma Ltd.', 'Tata Motors Ltd.', 'Crompton Greaves Consumer Electricals Ltd.', 'National Thermal Power Corp. Ltd.', 'Voltas Ltd.', 'Atul Ltd.', 'Ajanta Pharma Ltd.', 'ITC Ltd.', 'Sona BLW Precision Forgings Ltd.', 'HDFC Standard Life Insurance Company Ltd.', 'Havells India Ltd.', 'Chemplast Sanmar Ltd.', 'Power Finance Corpn. Ltd.', 'Housing Development Finance Corpn. Ltd.', 'Lafarge India Ltd', 'Indian Energy Exchange Ltd.', 'Hindustan Unilever Ltd.', 'SBI Life Insurance Company Ltd.', 'Krishna Institute Of Medical Sciences Ltd.', 'SBI Cards & Payments Services Ltd.', 'UTI Asset Management Company Ltd.', 'Bayer CropScience Ltd.', 'Ashok Leyland Ltd.', 'Natco Pharma Ltd.', 'Cholamandalam Investment & Finance Co. Ltd.', 'Gateway Distriparks Ltd.', 'ICICI Lombard General Insurance Comapny Limited', 'Bharat Petroleum Corpn. Ltd.', 'Prince Pipes & Fittings Ltd.', 'TVS Motor Co. Ltd.', 'Fortis Healthcare (India) Ltd', 'Britannia Industries Ltd.', 'Bharat Electronics Ltd.', 'Motherson Sumi Wiring India Ltd.', 'Ceat Ltd.', 'Kansai Nerolac Paints Ltd.', 'Kotak Mahindra Bank Ltd.', 'National Aluminium Co. Ltd.', 'Hindustan Petroleum Corpn. Ltd.', 'One97 Communications Ltd.', 'Bharat Forge Ltd.', 'Bharti Airtel Ltd. Partly Paid Equity', 'Titan Company Ltd.']","['Financial', 'Technology', 'Financial', 'Financial', 'Financial', 'Energy', 'Healthcare', 'Capital Goods', 'Energy', 'Financial', 'Construction', 'Materials', 'Technology', 'Technology', 'Metals & Mining', 'Technology', 'Chemicals', 'Consumer Staples', 'Communication', 'Automobile', 'Consumer Discretionary', 'Financial', 'Healthcare', 'Textiles', 'Healthcare', 'Automobile', 'Healthcare', 'Automobile', 'Consumer Discretionary', 'Energy', 'Consumer Discretionary', 'Chemicals', 'Healthcare', 'Consumer Staples', 'Automobile', 'Insurance', 'Capital Goods', 'Chemicals', 'Financial', 'Financial', 'Materials', 'Services', 'Consumer Staples', 'Insurance', 'Healthcare', 'Financial', 'Financial', 'Chemicals', 'Automobile', 'Healthcare', 'Financial', 'Services', 'Insurance', 'Energy', 'Materials', 'Automobile', 'Healthcare', 'Consumer Staples', 'Capital Goods', 'Automobile', 'Automobile', 'Materials', 'Financial', 'Metals & Mining', 'Energy', 'Services', 'Automobile', 'Communication', 'Consumer Discretionary']","['5.96%', '5.51%', '5.13%', '4.03%', '3.7%', '3.59%', '2.43%', '2.25%', '2.19%', '2.16%', '1.93%', '1.93%', '1.79%', '1.78%', '1.76%', '1.7%', '1.66%', '1.63%', '1.63%', '1.61%', '1.54%', '1.53%', '1.43%', '1.42%', '1.36%', '1.34%', '1.33%', '1.32%', '1.3%', '1.28%', '1.27%', '1.25%', '1.21%', '1.2%', '1.18%', '1.16%', '1.13%', '1.11%', '1.08%', '1.07%', '1.06%', '1.06%', '1.06%', '1.02%', '1.01%', '0.98%', '0.94%', '0.92%', '0.9%', '0.82%', '0.78%', '0.76%', '0.75%', '0.73%', '0.7%', '0.69%', '0.67%', '0.64%', '0.62%', '0.59%', '0.56%', '0.48%', '0.45%', '0.36%', '0.32%', '0.24%', '0.24%', '0.23%', '0.05%']"
10,PGIM India Flexi Cap Fund,"4,083 Crs",63.95 %,25.09 %,10.96%,0%,"['Infosys Ltd.', 'HDFC Bank Ltd.', 'ICICI Bank Ltd.', 'Mphasis Ltd.', 'Bajaj Finance Ltd.', 'Axis Bank Ltd.', 'Larsen & Toubro Infotech Ltd.', 'Maruti Suzuki India Ltd.', 'Bharti Airtel Ltd.', 'Esab India Ltd.', 'Can Fin Homes Ltd.', 'UPL Ltd.', 'Ultratech Cement Ltd.', 'Persistent Systems Ltd.', 'Muthoot Finance Ltd.', 'Sun Pharmaceutical Inds. Ltd.', 'United Spirits Ltd.', 'Chemplast Sanmar Ltd.', 'Bharat Electronics Ltd.', 'SKF India Ltd.', 'State Bank of India', 'Cummins India Ltd.', 'Krishna Institute Of Medical Sciences Ltd.', 'Gujarat Gas Ltd.', 'Siemens Ltd.', 'Larsen & Toubro Ltd.', 'GAIL (India) Ltd.', 'Endurance Technologies Ltd.', 'Oberoi Realty Ltd.', 'Ambuja Cements Ltd.', 'HEG Ltd.', 'Birla Corporation Ltd.', 'PI Industries Ltd.', 'SBI Life Insurance Company Ltd.', 'Graphite India Ltd.', ""Divi's Laboratories Ltd."", 'Zee Entertainment Enterprises Ltd.', 'Computer Age Management Services Ltd.', 'Inox Flurochemicals Ltd.', 'Tata Steel Ltd.', 'Polycab India Ltd.', 'SIRCA Paints India Ltd.', 'Jubilant FoodWorks Ltd.', 'KPR Mills Ltd.', 'Orient Electric Ltd.', 'Ashiana Housing Ltd.', 'Suven Pharmaceutical Ltd.', 'Hindalco Industries Ltd.', 'Procter & Gamble Hygiene & Health Care Ltd.', 'Tata Motors Ltd.']","['Technology', 'Financial', 'Financial', 'Technology', 'Financial', 'Financial', 'Technology', 'Automobile', 'Communication', 'Capital Goods', 'Financial', 'Chemicals', 'Materials', 'Technology', 'Financial', 'Healthcare', 'Consumer Staples', 'Chemicals', 'Capital Goods', 'Capital Goods', 'Financial', 'Capital Goods', 'Healthcare', 'Energy', 'Capital Goods', 'Construction', 'Energy', 'Automobile', 'Construction', 'Materials', 'Capital Goods', 'Materials', 'Chemicals', 'Insurance', 'Capital Goods', 'Healthcare', 'Services', 'Services', 'Chemicals', 'Metals & Mining', 'Capital Goods', 'Materials', 'Services', 'Textiles', 'Consumer Discretionary', 'Construction', 'Healthcare', 'Metals & Mining', 'Consumer Staples', 'Automobile']","['7.47%', '6.12%', '4.13%', '3.18%', '2.93%', '2.93%', '2.9%', '2.78%', '2.77%', '2.5%', '2.44%', '2.36%', '2.34%', '2.25%', '2.24%', '2.24%', '2.23%', '2.12%', '2.07%', '1.95%', '1.93%', '1.92%', '1.88%', '1.85%', '1.82%', '1.73%', '1.72%', '1.65%', '1.59%', '1.59%', '1.47%', '1.44%', '1.42%', '1.37%', '1.29%', '1.29%', '1.24%', '1.22%', '1.17%', '1.12%', '1.12%', '1.06%', '0.97%', '0.79%', '0.79%', '0.73%', '0.71%', '0.7%', '0.54%', '0.21%']"
11,Kotak Bluechip Fund,"4,132 Crs",80.43 %,18.08 %,1.49%,0%,"['Reliance Industries Ltd.', 'Infosys Ltd.', 'ICICI Bank Ltd.', 'HDFC Bank Ltd.', 'Tata Consultancy Services Ltd.', 'Larsen & Toubro Ltd.', 'Axis Bank Ltd.', 'Persistent Systems Ltd.', 'Housing Development Finance Corpn. Ltd.', 'Maruti Suzuki India Ltd.', 'Bajaj Finance Ltd.', 'Kotak Mahindra Bank Ltd.', 'Bharti Airtel Ltd.', 'Ultratech Cement Ltd.', 'Hindustan Unilever Ltd.', 'State Bank of India', 'HCL Technologies Ltd.', 'Interglobe Aviation Ltd.', 'ITC Ltd.', ""Dr. Reddy's Laboratories Ltd."", 'Container Corpn. Of India Ltd.', 'Titan Company Ltd.', 'Godrej Consumer Products Ltd.', 'Jubilant FoodWorks Ltd.', 'Bharat Forge Ltd.', 'Schaeffler India Ltd.', 'Bata India Ltd.', 'United Breweries Ltd.', 'Gland Pharma Ltd.', 'Indraprastha Gas Ltd.', 'SBI Cards & Payments Services Ltd.', 'Hindalco Industries Ltd.', 'FSN E-Commerce Ventures Ltd.', 'Solar Industries India Ltd.', 'Mahindra & Mahindra Ltd.', 'Coromandel International Ltd.', 'Bharat Petroleum Corpn. Ltd.', 'Nifty 50', 'HDFC Standard Life Insurance Company Ltd.', 'V-Guard Industries Ltd.', 'Shree Cement Ltd.', 'Gujarat State Petronet Ltd.', 'ICICI Lombard General Insurance Comapny Limited', 'Motherson Sumi Systems Ltd.', 'Zydus Lifesciences Ltd.', 'Avenue Supermarts Ltd.', 'Eicher Motors Ltd.', 'Oberoi Realty Ltd.', 'Mahindra Lifespace Developers Ltd.', 'Wipro Ltd.', 'AU Small Finance Bank Ltd.', 'The Ramco Cements Ltd.', 'Max Financial Services Ltd.', 'Motherson Sumi Wiring India Ltd.', 'Bharti Airtel Ltd. Partly Paid Equity', 'Zomato Ltd.', 'PB Fintech Ltd.', 'Medplus Health Services Ltd.']","['Energy', 'Technology', 'Financial', 'Financial', 'Technology', 'Construction', 'Financial', 'Technology', 'Financial', 'Automobile', 'Financial', 'Financial', 'Communication', 'Materials', 'Consumer Staples', 'Financial', 'Technology', 'Services', 'Consumer Staples', 'Healthcare', 'Services', 'Consumer Discretionary', 'Consumer Staples', 'Services', 'Automobile', 'Capital Goods', 'Consumer Discretionary', 'Consumer Staples', 'Healthcare', 'Energy', 'Financial', 'Metals & Mining', 'Services', 'Chemicals', 'Automobile', 'Chemicals', 'Energy', 'Others', 'Insurance', 'Consumer Discretionary', 'Materials', 'Energy', 'Insurance', 'Automobile', 'Healthcare', 'Services', 'Automobile', 'Construction', 'Construction', 'Technology', 'Financial', 'Materials', 'Financial', 'Automobile', 'Communication', 'Services', 'Services', 'Healthcare']","['7.56%', '7.15%', '6.5%', '6.41%', '3.59%', '3.42%', '3.27%', '2.84%', '2.78%', '2.7%', '2.64%', '2.42%', '2.06%', '2%', '1.81%', '1.79%', '1.62%', '1.58%', '1.58%', '1.56%', '1.46%', '1.44%', '1.33%', '1.28%', '1.27%', '1.22%', '1.19%', '1.17%', '1.17%', '1.13%', '1.13%', '1.07%', '1.06%', '1.02%', '1.02%', '0.97%', '0.9%', '0.88%', '0.86%', '0.85%', '0.84%', '0.82%', '0.8%', '0.78%', '0.78%', '0.73%', '0.59%', '0.57%', '0.57%', '0.57%', '0.48%', '0.37%', '0.36%', '0.31%', '0.09%', '0.04%', '0.02%', '0.01%']"
12,Mirae Asset Tax Saver Fund,"11,790 Crs",76.38 %,17.89 %,5.73%,0%,"['Infosys Ltd.', 'HDFC Bank Ltd.', 'ICICI Bank Ltd.', 'Reliance Industries Ltd.', 'Axis Bank Ltd.', 'State Bank of India', 'Tata Consultancy Services Ltd.', 'Larsen & Toubro Ltd.', 'Sun Pharmaceutical Inds. Ltd.', 'HCL Technologies Ltd.', 'Housing Development Finance Corpn. Ltd.', 'Tata Steel Ltd.', 'Hindustan Unilever Ltd.', 'Maruti Suzuki India Ltd.', 'ITC Ltd.', 'Havells India Ltd.', 'SKF India Ltd.', 'Torrent Pharmaceuticals Ltd.', 'HDFC Standard Life Insurance Company Ltd.', 'National Thermal Power Corp. Ltd.', 'JK Cement Ltd', 'Ambuja Cements Ltd.', 'Gujarat State Petronet Ltd.', 'Britannia Industries Ltd.', 'Muthoot Finance Ltd.', 'Bharti Airtel Ltd.', 'Bharat Petroleum Corpn. Ltd.', 'Aurobindo Pharma Ltd.', 'Balkrishna Industries Ltd.', 'Tata Motors Ltd.', 'Orient Electric Ltd.', 'Gland Pharma Ltd.', 'Vinati Organics Ltd.', 'Max Financial Services Ltd.', 'Mphasis Ltd.', 'Chemplast Sanmar Ltd.', 'ICICI Lombard General Insurance Comapny Limited', 'Prince Pipes & Fittings Ltd.', 'Krishna Institute Of Medical Sciences Ltd.', 'Kotak Mahindra Bank Ltd.', 'Greenply Industries Ltd.', 'SBI Cards & Payments Services Ltd.', 'SBI Life Insurance Company Ltd.', 'Equitas Small Finance Bank Ltd.', 'UTI Asset Management Company Ltd.', 'Dabur India Ltd.', 'Sona BLW Precision Forgings Ltd.', 'Cholamandalam Investment & Finance Co. Ltd.', 'Motherson Sumi Wiring India Ltd.', 'Gateway Distriparks Ltd.', 'Power Finance Corpn. Ltd.', 'Bharti Airtel Ltd. Partly Paid Equity', 'Voltas Ltd.', 'Tega Industries Ltd.', 'Indian Energy Exchange Ltd.', 'Bharat Electronics Ltd.', 'Ashok Leyland Ltd.', 'Atul Ltd.', 'S.J.S Enterprises Ltd.', 'FSN E-Commerce Ventures Ltd.', 'Titan Company Ltd.', 'Page Industries Ltd.', 'Ceat Ltd.', 'Emami Ltd.', 'One97 Communications Ltd.', ""Dr. Reddy's Laboratories Ltd."", 'Zomato Ltd.']","['Technology', 'Financial', 'Financial', 'Energy', 'Financial', 'Financial', 'Technology', 'Construction', 'Healthcare', 'Technology', 'Financial', 'Metals & Mining', 'Consumer Staples', 'Automobile', 'Consumer Staples', 'Capital Goods', 'Capital Goods', 'Healthcare', 'Insurance', 'Energy', 'Materials', 'Materials', 'Energy', 'Consumer Staples', 'Financial', 'Communication', 'Energy', 'Healthcare', 'Automobile', 'Automobile', 'Consumer Discretionary', 'Healthcare', 'Chemicals', 'Financial', 'Technology', 'Chemicals', 'Insurance', 'Materials', 'Healthcare', 'Financial', 'Materials', 'Financial', 'Insurance', 'Financial', 'Financial', 'Consumer Staples', 'Automobile', 'Financial', 'Automobile', 'Services', 'Financial', 'Communication', 'Consumer Discretionary', 'Metals & Mining', 'Services', 'Capital Goods', 'Automobile', 'Chemicals', 'Automobile', 'Services', 'Consumer Discretionary', 'Textiles', 'Automobile', 'Consumer Staples', 'Services', 'Healthcare', 'Services']","['7.54%', '7.15%', '6.65%', '6.31%', '4.25%', '3.51%', '2.75%', '2.52%', '2.39%', '2.15%', '1.95%', '1.81%', '1.75%', '1.67%', '1.66%', '1.61%', '1.49%', '1.44%', '1.41%', '1.41%', '1.41%', '1.4%', '1.4%', '1.34%', '1.31%', '1.3%', '1.29%', '1.26%', '1.23%', '1.19%', '1.16%', '1.15%', '1.14%', '1.14%', '1.02%', '1%', '0.99%', '0.99%', '0.96%', '0.95%', '0.91%', '0.9%', '0.87%', '0.85%', '0.81%', '0.78%', '0.75%', '0.67%', '0.64%', '0.62%', '0.57%', '0.53%', '0.5%', '0.5%', '0.49%', '0.46%', '0.45%', '0.4%', '0.34%', '0.29%', '0.28%', '0.27%', '0.26%', '0.25%', '0.24%', '0.06%', '0.02%']"
13,Nippon India Value Fund,"4,394 Crs",66.55 %,25.51 %,7.94%,0%,"['Infosys Ltd.', 'ICICI Bank Ltd.', 'HDFC Bank Ltd.', 'Bharti Airtel Ltd.', 'Reliance Industries Ltd.', 'Larsen & Toubro Ltd.', 'Axis Bank Ltd.', 'State Bank of India', 'Angel Broking Ltd.', ""Divi's Laboratories Ltd."", 'Dixon Technologies (India) Ltd.', 'Bharat Electronics Ltd.', 'Fortis Healthcare (India) Ltd', 'ITC Ltd.', 'Sun Pharmaceutical Inds. Ltd.', 'SRF Ltd.', 'SBI Life Insurance Company Ltd.', 'Honeywell Automation India Ltd.', 'Aditya Birla Fashion and Retail Ltd.', 'Hindalco Industries Ltd.', 'Intellect Design Arena Ltd.', 'Max Financial Services Ltd.', 'Tata Steel Ltd.', 'Mahindra & Mahindra Ltd.', 'Oberoi Realty Ltd.', 'Jindal Steel & Power Ltd.', 'Tube Investments Of India Ltd.', 'Muthoot Finance Ltd.', 'Torrent Pharmaceuticals Ltd.', 'Cipla Ltd.', 'Bank Of Baroda', 'Crompton Greaves Consumer Electricals Ltd.', 'Oil & Natural Gas Corpn. Ltd.', 'NIIT Technologies Ltd.', 'Ashok Leyland Ltd.', 'Tata Motors Ltd.', 'EIH Ltd.', 'TeamLease Services Ltd.', 'Hindustan Petroleum Corpn. Ltd.', 'Tata Power Co. Ltd.', 'Maruti Suzuki India Ltd.', 'Prestige Estates Projects Ltd.', 'AU Small Finance Bank Ltd.', 'Bajaj Auto Ltd.', 'Coal India Ltd.', 'Phoenix Mills Ltd.', 'Sobha Ltd.', 'Hero Motocorp Ltd.', 'Siemens Ltd.', 'Zensar Technologies Ltd.', 'Amber Enterprises India Pvt Ltd.', 'Indian Railway Finance Corpn. Ltd.', 'Rites Ltd.', 'Ador Welding Ltd.', 'Alkem Laboratories Ltd.', 'Varroc Engineering Pvt Ltd.', 'Adani Ports and Special Economic Zone Ltd.', 'Indiabulls Real Estate Ltd.', 'Bajaj Finserv Ltd.', 'Chemplast Sanmar Ltd.', 'Tata Consultancy Services Ltd.', 'Equitas Small Finance Bank Ltd.', 'Security and Intelligence Services (India) Ltd.', 'SBI Cards & Payments Services Ltd.', 'JM Financial Ltd.', 'Hindustan Unilever Ltd.', 'PNC Infratech Ltd.', 'Lafarge India Ltd', 'Grameen Financial Services Pvt Ltd.', 'Hathway Cable & Datacom Ltd.', 'Birla Corporation Ltd.', 'Housing Development Finance Corpn. Ltd.', 'Bharti Airtel Ltd. Partly Paid Equity']","['Technology', 'Financial', 'Financial', 'Communication', 'Energy', 'Construction', 'Financial', 'Financial', 'Financial', 'Healthcare', 'Capital Goods', 'Capital Goods', 'Healthcare', 'Consumer Staples', 'Healthcare', 'Diversified', 'Insurance', 'Capital Goods', 'Services', 'Metals & Mining', 'Technology', 'Financial', 'Metals & Mining', 'Automobile', 'Construction', 'Metals & Mining', 'Financial', 'Financial', 'Healthcare', 'Healthcare', 'Financial', 'Consumer Discretionary', 'Energy', 'Technology', 'Automobile', 'Automobile', 'Services', 'Services', 'Energy', 'Energy', 'Automobile', 'Construction', 'Financial', 'Automobile', 'Materials', 'Construction', 'Construction', 'Automobile', 'Capital Goods', 'Technology', 'Consumer Discretionary', 'Financial', 'Construction', 'Capital Goods', 'Healthcare', 'Automobile', 'Services', 'Construction', 'Financial', 'Chemicals', 'Technology', 'Financial', 'Services', 'Financial', 'Financial', 'Consumer Staples', 'Construction', 'Materials', 'Financial', 'Communication', 'Materials', 'Financial', 'Communication']","['6.38%', '5.94%', '5.25%', '4.67%', '4.56%', '3.93%', '3.75%', '2.75%', '2.71%', '2.6%', '2.51%', '1.98%', '1.64%', '1.56%', '1.49%', '1.45%', '1.43%', '1.43%', '1.38%', '1.3%', '1.23%', '1.22%', '1.19%', '1.19%', '1.14%', '1.08%', '1.07%', '1.01%', '1%', '0.99%', '0.98%', '0.94%', '0.93%', '0.91%', '0.88%', '0.83%', '0.83%', '0.83%', '0.83%', '0.82%', '0.81%', '0.79%', '0.79%', '0.77%', '0.75%', '0.74%', '0.74%', '0.71%', '0.69%', '0.67%', '0.67%', '0.66%', '0.66%', '0.66%', '0.62%', '0.61%', '0.6%', '0.58%', '0.58%', '0.56%', '0.56%', '0.49%', '0.44%', '0.43%', '0.42%', '0.39%', '0.35%', '0.31%', '0.3%', '0.29%', '0.23%', '0.21%', '0.17%']"
14,Kotak Small Cap Fund,"7,236 Crs",2.13 %,64.42 %,33.46%,0%,"['Century Plyboards (India) Ltd.', 'Sheela Foam Ltd.', 'Carborundum Universal Ltd.', 'Ratnamani Metals & Tubes Ltd.', 'Amber Enterprises India Pvt Ltd.', 'Galaxy Surfactants Ltd.', 'Persistent Systems Ltd.', 'Blue Star Ltd.', 'Supreme Industries Ltd.', 'Cyient Limited', 'Blue Dart Express Ltd.', 'Somany Ceramics Ltd.', 'V-Guard Industries Ltd.', 'Shyam Metalics and Energy Ltd,', 'Solar Industries India Ltd.', 'Orient Electric Ltd.', 'VIP Industries Ltd.', 'Schaeffler India Ltd.', 'ICICI Bank Ltd.', 'Nilkamal Ltd.', 'Garware-Wall Ropes Ltd.', 'Lux Industries Ltd.', 'Mahindra Lifespace Developers Ltd.', 'Laxmi Organic Industries Ltd.', 'JK Cement Ltd', 'BEML Ltd.', 'Hawkins Cookers Ltd.', 'APL Apollo Tubes Ltd.', 'Rolex Rings Ltd.', 'VST Tillers Tractors Ltd.', 'Alembic Pharmaceuticals Ltd.', 'Kajaria Ceramics Ltd.', 'Simran Wind Project Ltd.', 'Thermax Ltd.', 'Dixon Technologies (India) Ltd.', ""Shopper's Stop Ltd"", 'Amulya Leasing & Finance Ltd.', 'Sansera Engineering Ltd.', 'PI Industries Ltd.', 'Atul Ltd.', 'AU Small Finance Bank Ltd.', 'Prataap Snacks Ltd.', 'Go Fashion (India) Ltd.', 'Torrent Pharmaceuticals Ltd.', 'V-Mart Retail Ltd.', 'Dhanuka Agritech Ltd.', 'Coromandel International Ltd.', 'Great Eastern Shipping Company Ltd.', 'AU Housing Finance Ltd.', 'Medplus Health Services Ltd.', 'Shriram City Union Finance Ltd.', 'Hindustan Oil Exploration Co. Ltd.', 'Whirlpool Of India Ltd.', 'Sandhar Technologies Ltd.', 'The Ramco Cements Ltd.', 'JMC Projects (India) Ltd.', 'WPIL Ltd.', 'Motherson Sumi Systems Ltd.', 'Heritage Foods Ltd.', 'UTI Asset Management Company Ltd.', 'MTAR Technologies Ltd.', 'Happiest Minds Technologies Ltd.', 'Varroc Engineering Pvt Ltd.', 'Mahindra & Mahindra Financial Services Ltd.', 'Zydus Lifesciences Ltd.', 'Kewal Kiran Clothing Ltd.', 'Finolex Cables Ltd.', 'Barbeque-Nation Hospitality Ltd.', 'Ruchi Soya Inds. Ltd.', 'Clean Science And Technology Ltd.', 'Motherson Sumi Wiring India Ltd.', 'Anand Rathi Wealth Ltd.']","['Materials', 'Consumer Discretionary', 'Metals & Mining', 'Metals & Mining', 'Consumer Discretionary', 'Chemicals', 'Technology', 'Consumer Discretionary', 'Materials', 'Technology', 'Services', 'Materials', 'Consumer Discretionary', 'Metals & Mining', 'Chemicals', 'Consumer Discretionary', 'Materials', 'Capital Goods', 'Financial', 'Materials', 'Textiles', 'Textiles', 'Construction', 'Chemicals', 'Materials', 'Capital Goods', 'Consumer Discretionary', 'Metals & Mining', 'Capital Goods', 'Automobile', 'Healthcare', 'Materials', 'Capital Goods', 'Capital Goods', 'Capital Goods', 'Services', 'Materials', 'Automobile', 'Chemicals', 'Chemicals', 'Financial', 'Consumer Staples', 'Services', 'Healthcare', 'Services', 'Chemicals', 'Chemicals', 'Services', 'Financial', 'Healthcare', 'Financial', 'Energy', 'Consumer Discretionary', 'Automobile', 'Materials', 'Construction', 'Capital Goods', 'Automobile', 'Consumer Staples', 'Financial', 'Capital Goods', 'Technology', 'Automobile', 'Financial', 'Healthcare', 'Textiles', 'Capital Goods', 'Services', 'Consumer Staples', 'Chemicals', 'Automobile', 'Financial']","['5.85%', '4.63%', '3.91%', '3.24%', '3.18%', '3.14%', '3.12%', '2.88%', '2.8%', '2.68%', '2.51%', '2.38%', '2.26%', '2.2%', '2.11%', '2.04%', '1.96%', '1.79%', '1.68%', '1.6%', '1.59%', '1.51%', '1.45%', '1.43%', '1.43%', '1.41%', '1.25%', '1.25%', '1.22%', '1.19%', '1.17%', '1.15%', '1.11%', '1.11%', '1.07%', '1%', '0.97%', '0.95%', '0.91%', '0.89%', '0.88%', '0.84%', '0.82%', '0.79%', '0.79%', '0.72%', '0.72%', '0.7%', '0.7%', '0.67%', '0.65%', '0.6%', '0.59%', '0.58%', '0.57%', '0.57%', '0.38%', '0.34%', '0.34%', '0.31%', '0.3%', '0.28%', '0.26%', '0.26%', '0.26%', '0.24%', '0.23%', '0.21%', '0.1%', '0.08%', '0.08%', '0.05%']"
15,UTI Mastershare Fund,"9,849 Crs",87.78 %,12.22 %,0%,0%,"['Infosys Ltd.', 'ICICI Bank Ltd.', 'HDFC Bank Ltd.', 'Bharti Airtel Ltd.', 'Reliance Industries Ltd.', 'Tata Consultancy Services Ltd.', 'Housing Development Finance Corpn. Ltd.', 'Axis Bank Ltd.', 'State Bank of India', 'Larsen & Toubro Ltd.', 'SKF India Ltd.', 'Tech Mahindra Ltd.', 'Bajaj Finance Ltd.', 'Titan Company Ltd.', 'Sun Pharmaceutical Inds. Ltd.', 'Asian Paints Ltd.', 'Maruti Suzuki India Ltd.', 'Kotak Mahindra Bank Ltd.', 'Shree Cement Ltd.', 'Aditya Birla Fashion and Retail Ltd.', 'Eicher Motors Ltd.', 'Pidilite Industries Ltd.', ""Dr. Reddy's Laboratories Ltd."", 'Tata Steel Ltd.', 'Balkrishna Industries Ltd.', ""Divi's Laboratories Ltd."", 'Cipla Ltd.', 'Tata Motors Ltd.', 'ITC Ltd.', 'Jubilant FoodWorks Ltd.', 'Indian Energy Exchange Ltd.', 'Godrej Consumer Products Ltd.', 'Cholamandalam Investment & Finance Co. Ltd.', 'ICICI Lombard General Insurance Comapny Limited', 'Havells India Ltd.', 'FSN E-Commerce Ventures Ltd.', 'Interglobe Aviation Ltd.', 'Sanofi India Ltd.', 'Motherson Sumi Systems Ltd.', 'Mphasis Ltd.', 'Cummins India Ltd.', 'GAIL (India) Ltd.', 'Metropolis Healthcare Ltd.', 'United Spirits Ltd.', '3M India Ltd.', 'Avenue Supermarts Ltd.', 'Blue Star Ltd.', 'Tata Motors DVR', 'Motherson Sumi Wiring India Ltd.', 'Zomato Ltd.', 'Bharti Airtel Ltd. Partly Paid Equity']","['Technology', 'Financial', 'Financial', 'Communication', 'Energy', 'Technology', 'Financial', 'Financial', 'Financial', 'Construction', 'Capital Goods', 'Technology', 'Financial', 'Consumer Discretionary', 'Healthcare', 'Materials', 'Automobile', 'Financial', 'Materials', 'Services', 'Automobile', 'Chemicals', 'Healthcare', 'Metals & Mining', 'Automobile', 'Healthcare', 'Healthcare', 'Automobile', 'Consumer Staples', 'Services', 'Services', 'Consumer Staples', 'Financial', 'Insurance', 'Capital Goods', 'Services', 'Services', 'Healthcare', 'Automobile', 'Technology', 'Capital Goods', 'Energy', 'Healthcare', 'Consumer Staples', 'Diversified', 'Services', 'Consumer Discretionary', 'Automobile', 'Automobile', 'Services', 'Communication']","['9.46%', '8.26%', '7.12%', '4.96%', '4.6%', '4.14%', '3.69%', '2.38%', '2.3%', '2.29%', '2.14%', '2.14%', '1.92%', '1.89%', '1.87%', '1.87%', '1.8%', '1.73%', '1.65%', '1.62%', '1.62%', '1.46%', '1.37%', '1.36%', '1.33%', '1.33%', '1.3%', '1.29%', '1.27%', '1.23%', '1.21%', '1.15%', '1.04%', '1%', '0.96%', '0.93%', '0.85%', '0.82%', '0.76%', '0.74%', '0.74%', '0.74%', '0.73%', '0.66%', '0.63%', '0.62%', '0.58%', '0.43%', '0.35%', '0.28%', '0.19%']"
16,Nippon India Small Cap,"19,214 Crs",11.24 %,43.6 %,45%,0.16%,"['NIIT Ltd.', 'TI Financial Holdings Ltd.', 'KPIT Engineering Ltd.', 'Deepak Nitrite Ltd.', 'Balrampur Chini Mills Ltd.', 'Navin Fluorine International Ltd.', 'Magma Fincorp Ltd.', 'Grameen Financial Services Pvt Ltd.', 'Birla Corporation Ltd.', 'Bajaj Electricals Ltd.', 'Orient Electric Ltd.', 'Central Depository Services (India) Ltd.', 'eClerx Services Ltd.', 'KPR Mills Ltd.', 'Axis Bank Ltd.', 'Affle (India) Ltd.', 'Persistent Systems Ltd.', 'Carborundum Universal Ltd.', 'Dixon Technologies (India) Ltd.', 'Tejas Networks Ltd.', 'Honeywell Automation India Ltd.', 'Sterlite Technologies Ltd.', 'Polyplex Corporation Ltd.', 'Cyient Limited', 'Fine Organic Industries Ltd.', 'Timken India Ltd.', 'Bank Of Baroda', 'Linde India Ltd.', 'Tata Global Beverages Ltd.', 'Radico Khaitan Ltd.', 'Chambal Fertilisers & Chemicals Ltd.', 'Multi Commodity Exchange India', 'Bharti Airtel Ltd.', 'Kirloskar Pneumatic Co. Ltd.', 'Hindustan Aeronautics Ltd.', 'HG Infra Engineering Ltd.', 'Rallis India Ltd.', 'Tata Sponge Iron Ltd.', 'Security and Intelligence Services (India) Ltd.', 'Zydus Wellness Ltd.', 'Sun Pharmaceutical Inds. Ltd.', 'State Bank of India', 'KPIT Technologies Ltd.', 'Bayer CropScience Ltd.', 'West Coast Paper Mills Ltd.', 'Gokaldas Exports Ltd.', 'Raymond Ltd.', 'Elantas Beck India Ltd.', 'VIP Industries Ltd.', 'Jyothy Laboratories Ltd.', 'Indian Energy Exchange Ltd.', 'Supriya Lifescience Ltd.', 'Larsen & Toubro Ltd.', 'Indian Hotels Co. Ltd.', 'Maruti Suzuki India Ltd.', 'United Spirits Ltd.', 'Century Textiles & Industries Ltd.', 'Fineotex Chemical Ltd.', 'Kirloskar Brothers Ltd.', 'Automotive Axles Ltd.', 'Adani Wilmar Ltd.', 'Pfizer Ltd.', 'Intellect Design Arena Ltd.', 'FDC Ltd.', 'Lux Industries Ltd.', 'MTAR Technologies Ltd.', 'Voltamp Transformers Ltd', 'Vindhya Telelinks Ltd.', 'Honda Siel Power Products Ltd.', 'Galaxy Surfactants Ltd.', 'Indoco Remedies Ltd.', 'Ion Exchange (India) Ltd.', 'Grindwell Norton Ltd.', 'Adani Ports and Special Economic Zone Ltd.', 'Triveni Engineering & Industries Ltd.', 'VST Tillers Tractors Ltd.', 'ISGEC Heavy Engineering Ltd.', 'Finolex Cables Ltd.', 'Genus Power Infrastructures Ltd.', 'Praj Industries Ltd.', 'Pokarna Ltd.', 'Vardhman Textiles Ltd.', 'Karur Vysya Bank Ltd.', 'Apar Industries Ltd.', 'Merck Ltd.', 'Bajaj Corp Ltd.', 'Mahindra CIE Automotive Ltd.', 'Kalpataru Power Transmission Ltd.', 'Brigade Enterprises Ltd.', 'Stove Kraft Ltd.', 'Orient Cement Ltd.', 'HDFC Standard Life Insurance Company Ltd.', 'TD Power Systems Ltd.', 'Sundaram Finance Holdings Ltd.', 'Mahindra Logistics Ltd.', 'Astrazeneca Pharma India Ltd.', 'Sandhar Technologies Ltd.', 'Tata Coffee Ltd.', 'Asahi India Glass Ltd.', 'Godrej Agrovet Ltd.', 'PNC Infratech Ltd.', 'LG Balakrishnan & Bros. Ltd.', 'Biocon Ltd.', 'Sona Koyo Steering Systems Ltd.', 'Styrolution ABS (India) Ltd.', 'Apex Frozen Foods Ltd.', 'Ashoka Buildcon Ltd.', 'Shriram Properties Pvt Ltd.', 'Oracle Financial Services Software Ltd.', 'Just Dial Ltd.', 'KEC International Ltd.', 'SBI Life Insurance Company Ltd.', 'Texmaco Rail & Engineering Ltd.', 'Zensar Technologies Ltd.', 'Electrosteel Castings Ltd.', 'Tata Chemicals Ltd.', 'Thermax Ltd.', 'Orient Paper & Inds. Ltd.', 'Ajanta Pharma Ltd.', 'Subros Ltd.', 'Paras Defence And Space Technologies Ltd.', 'Tarsons Products Ltd.', 'Vesuvius India Ltd.', 'Kei Industries Ltd.', 'Rolex Rings Ltd.', 'Valiant organics Ltd', 'Navkar Corporation Ltd.', 'Aster DM Healthcare Ltd.', 'Avanti Feeds Ltd.', 'Simran Wind Project Ltd.', 'AGS Transact Technologies Ltd.', 'Capacite Infraprojects Ltd.', 'JK Lakshmi Cement Ltd.', 'PTC India Ltd.', 'Sapphire Foods India Ltd.', 'Lafarge India Ltd', 'PVR Ltd.', 'Bharti Airtel Ltd. Partly Paid Equity', 'Sriman Organic Chemical Inds. Ltd.', 'JB Chemicals & Pharmaceuticals Ltd.', 'Tatva Chintan Pharma Chem Ltd.', 'Equitas Small Finance Bank Ltd.']","['Technology', 'Automobile', 'Technology', 'Chemicals', 'Consumer Staples', 'Chemicals', 'Financial', 'Financial', 'Materials', 'Consumer Discretionary', 'Consumer Discretionary', 'Financial', 'Services', 'Textiles', 'Financial', 'Technology', 'Technology', 'Metals & Mining', 'Capital Goods', 'Communication', 'Capital Goods', 'Communication', 'Materials', 'Technology', 'Chemicals', 'Capital Goods', 'Financial', 'Chemicals', 'Consumer Staples', 'Consumer Staples', 'Chemicals', 'Services', 'Communication', 'Capital Goods', 'Capital Goods', 'Construction', 'Chemicals', 'Metals & Mining', 'Services', 'Consumer Staples', 'Healthcare', 'Financial', 'Technology', 'Chemicals', 'Consumer Staples', 'Textiles', 'Textiles', 'Chemicals', 'Materials', 'Consumer Staples', 'Services', 'Healthcare', 'Construction', 'Services', 'Automobile', 'Consumer Staples', 'Consumer Staples', 'Chemicals', 'Capital Goods', 'Automobile', 'Consumer Staples', 'Healthcare', 'Technology', 'Healthcare', 'Textiles', 'Capital Goods', 'Capital Goods', 'Communication', 'Capital Goods', 'Chemicals', 'Healthcare', 'Capital Goods', 'Metals & Mining', 'Services', 'Consumer Staples', 'Automobile', 'Capital Goods', 'Capital Goods', 'Capital Goods', 'Capital Goods', 'Materials', 'Textiles', 'Financial', 'Diversified', 'Healthcare', 'Consumer Staples', 'Metals & Mining', 'Capital Goods', 'Construction', 'Consumer Discretionary', 'Materials', 'Insurance', 'Capital Goods', 'Financial', 'Services', 'Healthcare', 'Automobile', 'Consumer Staples', 'Materials', 'Consumer Staples', 'Construction', 'Automobile', 'Healthcare', 'Automobile', 'Chemicals', 'Consumer Staples', 'Construction', 'Construction', 'Technology', 'Services', 'Capital Goods', 'Insurance', 'Capital Goods', 'Technology', 'Metals & Mining', 'Chemicals', 'Capital Goods', 'Consumer Staples', 'Healthcare', 'Automobile', 'Capital Goods', 'Healthcare', 'Capital Goods', 'Capital Goods', 'Capital Goods', 'Healthcare', 'Services', 'Healthcare', 'Consumer Staples', 'Capital Goods', 'Services', 'Construction', 'Materials', 'Energy', 'Services', 'Materials', 'Services', 'Communication', 'Chemicals', 'Healthcare', 'Chemicals', 'Financial']","['3.28%', '2.79%', '2.5%', '2.43%', '2.42%', '2.1%', '1.99%', '1.9%', '1.75%', '1.71%', '1.62%', '1.51%', '1.42%', '1.4%', '1.39%', '1.38%', '1.37%', '1.36%', '1.35%', '1.28%', '1.25%', '1.23%', '1.21%', '1.21%', '1.21%', '1.18%', '1.16%', '1.08%', '1.05%', '1.03%', '0.99%', '0.96%', '0.92%', '0.88%', '0.86%', '0.82%', '0.81%', '0.79%', '0.76%', '0.76%', '0.75%', '0.74%', '0.74%', '0.74%', '0.74%', '0.74%', '0.71%', '0.71%', '0.7%', '0.7%', '0.7%', '0.69%', '0.68%', '0.68%', '0.67%', '0.65%', '0.65%', '0.64%', '0.63%', '0.62%', '0.61%', '0.6%', '0.6%', '0.59%', '0.58%', '0.57%', '0.56%', '0.55%', '0.55%', '0.55%', '0.54%', '0.54%', '0.52%', '0.51%', '0.51%', '0.49%', '0.49%', '0.49%', '0.49%', '0.48%', '0.47%', '0.46%', '0.45%', '0.44%', '0.44%', '0.44%', '0.43%', '0.42%', '0.41%', '0.4%', '0.37%', '0.36%', '0.36%', '0.34%', '0.33%', '0.32%', '0.3%', '0.3%', '0.29%', '0.29%', '0.27%', '0.26%', '0.26%', '0.25%', '0.25%', '0.24%', '0.24%', '0.23%', '0.22%', '0.22%', '0.22%', '0.2%', '0.19%', '0.19%', '0.19%', '0.18%', '0.18%', '0.17%', '0.17%', '0.17%', '0.16%', '0.16%', '0.15%', '0.15%', '0.14%', '0.14%', '0.13%', '0.12%', '0.12%', '0.1%', '0.1%', '0.1%', '0.1%', '0.08%', '0.08%', '0.07%', '0.04%', '0.03%', '0.02%', '0.02%', '0.01%', '0.01%']"
17,Sundaram Services Fund,"2,105 Crs",64.73 %,19.66 %,15.61%,0%,"['ICICI Bank Ltd.', 'HDFC Bank Ltd.', 'Bharti Airtel Ltd.', 'Reliance Industries Ltd.', 'Housing Development Finance Corpn. Ltd.', 'MindTree Ltd.', 'Axis Bank Ltd.', 'Container Corpn. Of India Ltd.', 'Zee Entertainment Enterprises Ltd.', 'Home First Finance Company India Ltd.', 'Kotak Mahindra Bank Ltd.', 'Phoenix Mills Ltd.', 'Apollo Hospitals Enterprise Ltd.', 'Indraprastha Gas Ltd.', 'Bajaj Finserv Ltd.', 'SBI Life Insurance Company Ltd.', 'Persistent Systems Ltd.', 'Page Industries Ltd.', 'Affle (India) Ltd.', 'INOX Leisure Ltd.', 'Titan Company Ltd.', 'Westlife Development Ltd.', 'Multi Commodity Exchange India', 'Cholamandalam Investment & Finance Co. Ltd.', 'L&T Technology Services Ltd.', 'Bajaj Finance Ltd.', 'Transport Corporation Of India Ltd.', 'Sapphire Foods India Ltd.', 'Angel Broking Ltd.', 'ICICI Lombard General Insurance Comapny Limited', 'Quess Corp Ltd.', 'PVR Ltd.', 'Info Edge (India) Ltd.', 'Security and Intelligence Services (India) Ltd.', 'Fortis Healthcare (India) Ltd', 'UTI Asset Management Company Ltd.', 'Restaurant Brands Asia Ltd.', 'Happiest Minds Technologies Ltd.', 'Healthcare Global Enterprises Ltd.', 'Lemon Tree Hotels Ltd.', 'Tata Elxsi Ltd.', 'Trent Ltd.', 'C.E. Info Systems Ltd.', 'Oriental Hotels Ltd.', 'HDFC Standard Life Insurance Company Ltd.', 'MakeMy Trip Ltd.', 'Metropolis Healthcare Ltd.', 'Avenue Supermarts Ltd.', 'RateGain Travel Technologies Ltd.', 'Bharti Airtel Ltd. Partly Paid Equity', 'Vedant Fashions Ltd.']","['Financial', 'Financial', 'Communication', 'Energy', 'Financial', 'Technology', 'Financial', 'Services', 'Services', 'Financial', 'Financial', 'Construction', 'Healthcare', 'Energy', 'Financial', 'Insurance', 'Technology', 'Textiles', 'Technology', 'Services', 'Consumer Discretionary', 'Services', 'Services', 'Financial', 'Technology', 'Financial', 'Services', 'Services', 'Financial', 'Insurance', 'Financial', 'Services', 'Services', 'Services', 'Healthcare', 'Financial', 'Services', 'Technology', 'Healthcare', 'Services', 'Technology', 'Services', 'Technology', 'Services', 'Insurance', 'Services', 'Healthcare', 'Services', 'Technology', 'Communication', 'Textiles']","['9.05%', '8.44%', '6.63%', '6.21%', '5.07%', '3.86%', '2.84%', '2.47%', '2.47%', '2.23%', '2.12%', '2.09%', '2.05%', '2.04%', '2.03%', '2.02%', '2.01%', '1.84%', '1.69%', '1.69%', '1.57%', '1.52%', '1.51%', '1.5%', '1.46%', '1.36%', '1.28%', '1.28%', '1.21%', '1.21%', '1.19%', '1.04%', '1%', '0.88%', '0.86%', '0.8%', '0.7%', '0.7%', '0.68%', '0.65%', '0.58%', '0.57%', '0.56%', '0.5%', '0.42%', '0.37%', '0.29%', '0.27%', '0.19%', '0.17%', '0.07%']"
18,Quant Flexi Cap Fund,198 Crs,51.27 %,43.35 %,5.38%,0%,"['Ruchi Soya Inds. Ltd.', 'Indian Hotels Co. Ltd.', 'State Bank of India', 'Coal India Ltd.', 'TV18 Broadcast Ltd.', 'IRB Infrastructure Developers Ltd.', 'ITC Ltd.', 'ICICI Bank Ltd.', 'Gland Pharma Ltd.', 'Vedanta Ltd.', 'Larsen & Toubro Ltd.', 'Oracle Financial Services Software Ltd.', 'HDFC Bank Ltd.', 'Piramal Enterprises Ltd.', 'Tata Communications Ltd.', 'Ashok Leyland Ltd.', 'Aurobindo Pharma Ltd.', 'Adani Enterprises Ltd.', 'Adani Ports and Special Economic Zone Ltd.', 'Tata Steel Ltd.', 'Aegis Logistics Ltd.', 'Just Dial Ltd.', 'Himachal Futuristic Communications Ltd.', 'Oil & Natural Gas Corpn. Ltd.', 'Century Enka Ltd.', 'Jash Engineering Ltd.', 'Ambuja Cements Ltd.', 'GMR Infrastructure Ltd.', 'Sun TV Network Ltd.', 'Linde India Ltd.', 'National Aluminium Co. Ltd.', 'National Thermal Power Corp. Ltd.', ""Dr. Reddy's Laboratories Ltd."", 'Hindustan Copper Ltd.']","['Consumer Staples', 'Services', 'Financial', 'Materials', 'Services', 'Construction', 'Consumer Staples', 'Financial', 'Healthcare', 'Metals & Mining', 'Construction', 'Technology', 'Financial', 'Healthcare', 'Communication', 'Automobile', 'Healthcare', 'Services', 'Services', 'Metals & Mining', 'Services', 'Services', 'Communication', 'Energy', 'Textiles', 'Capital Goods', 'Materials', 'Construction', 'Services', 'Chemicals', 'Metals & Mining', 'Energy', 'Healthcare', 'Metals & Mining']","['6.7%', '5.31%', '4.97%', '4.78%', '4.62%', '4.58%', '4.26%', '4.25%', '3.61%', '3.51%', '3.41%', '3.39%', '3.27%', '3.26%', '2.79%', '2.58%', '2.45%', '2.18%', '1.97%', '1.81%', '1.76%', '1.6%', '1.56%', '1.45%', '1.37%', '1.29%', '1.25%', '1.08%', '0.94%', '0.88%', '0.82%', '0.68%', '0.51%', '0.49%']"
19,SBI Banking & Financial Services Fund,"3,177 Crs",79.97 %,13.73 %,6.3%,0%,"['HDFC Bank Ltd.', 'ICICI Bank Ltd.', 'State Bank of India', 'Axis Bank Ltd.', 'Housing Development Finance Corpn. Ltd.', 'Bandhan Bank Ltd.', 'Federal Bank Ltd.', 'Grameen Financial Services Pvt Ltd.', 'Indusind Bank Ltd.', 'Bank Of Baroda', 'Mahindra & Mahindra Financial Services Ltd.', 'Manappuram Finance Ltd.', 'SBI Life Insurance Company Ltd.', 'HDFC Standard Life Insurance Company Ltd.', 'Cholamandalam Investment & Finance Co. Ltd.', 'Indian Bank', 'Tube Investments Of India Ltd.', 'City Union Bank Ltd.', 'Catholic Syrian Bank Ltd.', 'Equitas Small Finance Bank Ltd.', 'Equitas Micro Finance India Pvt Ltd.', 'LIC Housing Finance Ltd.']","['Financial', 'Financial', 'Financial', 'Financial', 'Financial', 'Financial', 'Financial', 'Financial', 'Financial', 'Financial', 'Financial', 'Financial', 'Insurance', 'Insurance', 'Financial', 'Financial', 'Financial', 'Financial', 'Financial', 'Financial', 'Financial', 'Financial']","['21.29%', '16.52%', '9.22%', '7.67%', '7.22%', '3.87%', '3.68%', '3.37%', '3.09%', '2.99%', '2.5%', '2.45%', '2.12%', '1.86%', '1.73%', '1.72%', '1.56%', '1.03%', '0.91%', '0.9%', '0.86%', '0.57%']"
20,Templeton India Equity Income Fund,"1,230 Crs",74.3 %,21.44 %,4.26%,0%,"['Infosys Ltd.', 'Power Grid Corpn. Of India Ltd.', 'Embassy Office Parks REIT', 'Tata Power Co. Ltd.', 'Brookfield India Real Estate Trust REIT', 'National Thermal Power Corp. Ltd.', 'Hindustan Unilever Ltd.', 'ITC Ltd.', 'Bajaj Auto Ltd.', 'NHPC Ltd.', 'HCL Technologies Ltd.', 'GAIL (India) Ltd.', 'Coal India Ltd.', 'Finolex Industries Ltd.', 'Unilever PLC', 'Petronet LNG Ltd.', 'Tata Consultancy Services Ltd.', 'Xtep International Holdings Ltd.', 'ICICI Bank Ltd.', 'Hero Motocorp Ltd.', 'Tata Motors DVR', 'Tech Mahindra Ltd.', 'Xinyi Solar Holdings Ltd.', 'Novatek Microelectronics Corporation (Taiwan)', 'Indian Oil Corpn. Ltd.', 'Federal Bank Ltd.', 'Bharat Electronics Ltd.', 'Grasim Industries Ltd.', 'Oil & Natural Gas Corpn. Ltd.', 'Colgate-Palmolive (India) Ltd.', 'Apollo Tyres Ltd.', 'Hindustan Petroleum Corpn. Ltd.', 'Gujarat State Petronet Ltd.', ""Dr. Reddy's Laboratories Ltd."", 'CESC Ltd.', 'MediaTek (Taiwan)', 'Rallis India Ltd.', 'Primax Electronics Ltd.', 'Travelsky Technology (HongKong)']","['Technology', 'Energy', 'Construction', 'Energy', 'Construction', 'Energy', 'Consumer Staples', 'Consumer Staples', 'Automobile', 'Energy', 'Technology', 'Energy', 'Materials', 'Materials', 'Consumer Staples', 'Energy', 'Technology', 'Consumer Staples', 'Financial', 'Automobile', 'Automobile', 'Technology', 'Materials', 'Capital Goods', 'Energy', 'Financial', 'Capital Goods', 'Materials', 'Energy', 'Consumer Staples', 'Automobile', 'Energy', 'Energy', 'Healthcare', 'Energy', 'Capital Goods', 'Chemicals', 'Capital Goods', 'Services']","['7.75%', '7.05%', '4.53%', '4.46%', '4.33%', '4.17%', '4.16%', '4.08%', '3.56%', '3.39%', '3.31%', '2.91%', '2.83%', '2.51%', '2.48%', '2.36%', '2.26%', '2.15%', '2.14%', '1.87%', '1.85%', '1.83%', '1.71%', '1.71%', '1.64%', '1.58%', '1.41%', '1.35%', '1.33%', '1.25%', '1.09%', '1.09%', '1.05%', '1.05%', '0.93%', '0.91%', '0.87%', '0.56%', '0.56%']"
21,Sundaram Financial Services Opportunities Fund,494 Crs,90.4 %,2.34 %,7.26%,0%,"['ICICI Bank Ltd.', 'HDFC Bank Ltd.', 'Housing Development Finance Corpn. Ltd.', 'State Bank of India', 'Axis Bank Ltd.', 'Bajaj Finance Ltd.', 'Bajaj Finserv Ltd.', 'Home First Finance Company India Ltd.', 'Kotak Mahindra Bank Ltd.', 'Catholic Syrian Bank Ltd.', 'Bank Of Baroda', 'Cholamandalam Investment & Finance Co. Ltd.', 'HDFC Standard Life Insurance Company Ltd.', 'Multi Commodity Exchange India', 'Indusind Bank Ltd.', 'Angel Broking Ltd.', 'SBI Life Insurance Company Ltd.', 'Shriram Transport Finance Co. Ltd.', 'ICICI Lombard General Insurance Comapny Limited']","['Financial', 'Financial', 'Financial', 'Financial', 'Financial', 'Financial', 'Financial', 'Financial', 'Financial', 'Financial', 'Financial', 'Financial', 'Insurance', 'Services', 'Financial', 'Financial', 'Insurance', 'Financial', 'Insurance']","['17.47%', '16.05%', '13.49%', '9.64%', '9.59%', '4.02%', '3.58%', '3.1%', '2.5%', '2.19%', '2.14%', '2.06%', '2.04%', '1.61%', '1.59%', '1.43%', '1.23%', '0.79%', '0.52%']"
22,Quant Infrastructure Fund,521 Crs,58.27 %,26.99 %,14.74%,0%,"['Vedanta Ltd.', 'Adani Enterprises Ltd.', 'Larsen & Toubro Ltd.', 'Adani Ports and Special Economic Zone Ltd.', 'Linde India Ltd.', 'IRB Infrastructure Developers Ltd.', 'Ultratech Cement Ltd.', 'State Bank of India', 'Tata Communications Ltd.', 'National Aluminium Co. Ltd.', 'Welspun Corp Ltd.', 'Siemens Ltd.', 'VRL Logistics Ltd.', 'Aegis Logistics Ltd.', 'Hindustan Copper Ltd.', 'Piramal Enterprises Ltd.', 'Himachal Futuristic Communications Ltd.', 'Hindustan Aeronautics Ltd.', 'Coal India Ltd.', 'Ambuja Cements Ltd.', 'GMR Infrastructure Ltd.', 'Man Infraconstruction Ltd.', 'National Thermal Power Corp. Ltd.', 'Ashok Leyland Ltd.', 'DLF Ltd.', 'Tata Steel Ltd.', 'Macrotech Developers Ltd.', 'Tata Power Co. Ltd.', 'Genus Power Infrastructures Ltd.', 'ICICI Bank Ltd.', 'Container Corpn. Of India Ltd.', 'Indiabulls Housing Finance Ltd.', 'India Cements Ltd.', 'Indiabulls Real Estate Ltd.', 'Oil & Natural Gas Corpn. Ltd.', 'Ador Welding Ltd.', 'Kirloskar Pneumatic Co. Ltd.']","['Metals & Mining', 'Services', 'Construction', 'Services', 'Chemicals', 'Construction', 'Materials', 'Financial', 'Communication', 'Metals & Mining', 'Metals & Mining', 'Capital Goods', 'Services', 'Services', 'Metals & Mining', 'Healthcare', 'Communication', 'Capital Goods', 'Materials', 'Materials', 'Construction', 'Construction', 'Energy', 'Automobile', 'Construction', 'Metals & Mining', 'Construction', 'Energy', 'Capital Goods', 'Financial', 'Services', 'Financial', 'Materials', 'Construction', 'Energy', 'Capital Goods', 'Capital Goods']","['7.48%', '6.44%', '6.21%', '5.97%', '4.55%', '4.1%', '3.91%', '3.82%', '3.5%', '3.36%', '3.17%', '2.92%', '2.9%', '2.85%', '2.75%', '2.47%', '2.45%', '2.25%', '2.19%', '2.16%', '2.02%', '1.78%', '1.75%', '1.69%', '1.61%', '1.42%', '1.36%', '1.15%', '1.06%', '1.06%', '0.81%', '0.69%', '0.49%', '0.37%', '0.28%', '0.27%', '0.19%']"
23,Invesco India Infrastructure Fund,428 Crs,33.77 %,34.94 %,31.28%,0%,"['Larsen & Toubro Ltd.', 'Reliance Industries Ltd.', 'Kei Industries Ltd.', 'KNR Constructions Ltd.', 'Tata Power Co. Ltd.', 'Bharti Airtel Ltd.', 'Thermax Ltd.', 'Bharat Electronics Ltd.', 'Cummins India Ltd.', 'PNC Infratech Ltd.', 'Ultratech Cement Ltd.', 'G R Infra Projects Ltd.', 'Jamna Auto Inds. Ltd.', 'Container Corpn. Of India Ltd.', 'Ratnamani Metals & Tubes Ltd.', 'Rolex Rings Ltd.', 'Kajaria Ceramics Ltd.', 'Voltas Ltd.', 'Birla Corporation Ltd.', 'Honeywell Automation India Ltd.', 'Apollo Hospitals Enterprise Ltd.', 'Craftsman Automation Ltd.', 'KEC International Ltd.', 'MTAR Technologies Ltd.', 'National Aluminium Co. Ltd.', 'Timken India Ltd.', 'HG Infra Engineering Ltd.', 'Grindwell Norton Ltd.', 'Ambuja Cements Ltd.', 'Ahluwalia Contracts (India) Ltd.', 'Sterlite Technologies Ltd.', 'Sobha Ltd.', 'Prince Pipes & Fittings Ltd.', 'AIA Engineering Ltd.', 'Mahindra Logistics Ltd.', 'TCI Express Ltd.']","['Construction', 'Energy', 'Capital Goods', 'Construction', 'Energy', 'Communication', 'Capital Goods', 'Capital Goods', 'Capital Goods', 'Construction', 'Materials', 'Construction', 'Automobile', 'Services', 'Metals & Mining', 'Capital Goods', 'Materials', 'Consumer Discretionary', 'Materials', 'Capital Goods', 'Healthcare', 'Automobile', 'Capital Goods', 'Capital Goods', 'Metals & Mining', 'Capital Goods', 'Construction', 'Metals & Mining', 'Materials', 'Construction', 'Communication', 'Construction', 'Materials', 'Metals & Mining', 'Services', 'Services']","['9.52%', '5.17%', '4.45%', '4.26%', '3.95%', '3.82%', '3.73%', '3.54%', '3.46%', '3.39%', '3.23%', '3.16%', '2.92%', '2.79%', '2.72%', '2.7%', '2.59%', '2.41%', '2.38%', '2.33%', '2.31%', '2.22%', '2.14%', '2.03%', '1.97%', '1.93%', '1.85%', '1.61%', '1.57%', '1.23%', '1.2%', '1.17%', '1.13%', '1.11%', '1.08%', '0.97%']"
24,Mirae Asset Healthcare Fund,"1,817 Crs",50.97 %,45.68 %,3.35%,0%,"['Sun Pharmaceutical Inds. Ltd.', ""Dr. Reddy's Laboratories Ltd."", 'Cipla Ltd.', 'Apollo Hospitals Enterprise Ltd.', 'Torrent Pharmaceuticals Ltd.', 'Ipca Laboratories Ltd.', 'Fortis Healthcare (India) Ltd', ""Divi's Laboratories Ltd."", 'Aurobindo Pharma Ltd.', 'Gland Pharma Ltd.', 'Krishna Institute Of Medical Sciences Ltd.', 'JB Chemicals & Pharmaceuticals Ltd.', 'Ajanta Pharma Ltd.', 'Lupin Ltd.', 'Natco Pharma Ltd.', 'Alkem Laboratories Ltd.', 'Vinati Organics Ltd.', 'Laurus Labs Ltd.', 'Biocon Ltd.', 'Tatva Chintan Pharma Chem Ltd.', 'ICICI Lombard General Insurance Comapny Limited', 'Tarsons Products Ltd.', 'SBI Life Insurance Company Ltd.', 'Max Financial Services Ltd.', 'Dr. Lal Pathlabs Ltd.', 'Syngene International Ltd.']","['Healthcare', 'Healthcare', 'Healthcare', 'Healthcare', 'Healthcare', 'Healthcare', 'Healthcare', 'Healthcare', 'Healthcare', 'Healthcare', 'Healthcare', 'Healthcare', 'Healthcare', 'Healthcare', 'Healthcare', 'Healthcare', 'Chemicals', 'Healthcare', 'Healthcare', 'Chemicals', 'Insurance', 'Healthcare', 'Insurance', 'Financial', 'Healthcare', 'Healthcare']","['15.68%', '9.18%', '7.91%', '7.33%', '5.39%', '5.23%', '4.5%', '4.18%', '3.95%', '3.56%', '3.42%', '3.16%', '3.14%', '3.05%', '2.49%', '2.32%', '2.09%', '2.02%', '1.88%', '1.85%', '1.74%', '1.49%', '1.36%', '1.25%', '1.25%', '0.51%']"
25,DSP Equal Nifty 50 Fund,317 Crs,98.09 %,1.91 %,0%,0%,"['Housing Development Finance Corpn. Ltd.', 'Mahindra & Mahindra Ltd.', 'HDFC Standard Life Insurance Company Ltd.', 'Tata Global Beverages Ltd.', 'Adani Ports and Special Economic Zone Ltd.', 'SBI Life Insurance Company Ltd.', 'Shree Cement Ltd.', 'Bajaj Finance Ltd.', 'Axis Bank Ltd.', 'Britannia Industries Ltd.', 'Ultratech Cement Ltd.', 'Hindustan Unilever Ltd.', 'Nestle India Ltd.', 'Grasim Industries Ltd.', 'Bharti Airtel Ltd.', 'Bajaj Finserv Ltd.', 'Eicher Motors Ltd.', 'HDFC Bank Ltd.', 'ICICI Bank Ltd.', 'Power Grid Corpn. Of India Ltd.', 'Kotak Mahindra Bank Ltd.', 'Infosys Ltd.', 'Asian Paints Ltd.', 'Larsen & Toubro Ltd.', 'Maruti Suzuki India Ltd.', 'Sun Pharmaceutical Inds. Ltd.', 'Tata Consultancy Services Ltd.', 'JSW Steel Ltd.', 'Reliance Industries Ltd.', 'Bharat Petroleum Corpn. Ltd.', 'Titan Company Ltd.', 'Indusind Bank Ltd.', ""Dr. Reddy's Laboratories Ltd."", 'Tata Motors Ltd.', 'HCL Technologies Ltd.', 'Cipla Ltd.', 'National Thermal Power Corp. Ltd.', ""Divi's Laboratories Ltd."", 'Bajaj Auto Ltd.', 'State Bank of India', 'UPL Ltd.', 'Wipro Ltd.', 'Tech Mahindra Ltd.', 'ITC Ltd.', 'Tata Steel Ltd.', 'Apollo Hospitals Enterprise Ltd.', 'Hero Motocorp Ltd.', 'Coal India Ltd.', 'Oil & Natural Gas Corpn. Ltd.', 'Hindalco Industries Ltd.']","['Financial', 'Automobile', 'Insurance', 'Consumer Staples', 'Services', 'Insurance', 'Materials', 'Financial', 'Financial', 'Consumer Staples', 'Materials', 'Consumer Staples', 'Consumer Staples', 'Materials', 'Communication', 'Financial', 'Automobile', 'Financial', 'Financial', 'Energy', 'Financial', 'Technology', 'Materials', 'Construction', 'Automobile', 'Healthcare', 'Technology', 'Metals & Mining', 'Energy', 'Energy', 'Consumer Discretionary', 'Financial', 'Healthcare', 'Automobile', 'Technology', 'Healthcare', 'Energy', 'Healthcare', 'Automobile', 'Financial', 'Chemicals', 'Technology', 'Technology', 'Consumer Staples', 'Metals & Mining', 'Healthcare', 'Automobile', 'Materials', 'Energy', 'Metals & Mining']","['2.09%', '2.08%', '2.08%', '2.08%', '2.08%', '2.06%', '2.05%', '2.05%', '2.05%', '2.05%', '2.05%', '2.05%', '2.04%', '2.04%', '2.04%', '2.04%', '2.04%', '2.03%', '2.03%', '2.02%', '2.01%', '2.01%', '2.01%', '2.01%', '2%', '2%', '2%', '1.99%', '1.99%', '1.98%', '1.98%', '1.98%', '1.98%', '1.98%', '1.98%', '1.98%', '1.98%', '1.97%', '1.96%', '1.96%', '1.95%', '1.95%', '1.95%', '1.93%', '1.93%', '1.92%', '1.91%', '1.89%', '1.84%', '1.79%']"
26,Edelweiss Recently Listed IPO Fund,"1,035 Crs",23.88 %,51.73 %,24.4%,0%,"['Sona BLW Precision Forgings Ltd.', 'Gland Pharma Ltd.', 'SBI Cards & Payments Services Ltd.', 'Bandhan Bank Ltd.', 'FSN E-Commerce Ventures Ltd.', 'MTAR Technologies Ltd.', 'AU Housing Finance Ltd.', 'Affle (India) Ltd.', 'Computer Age Management Services Ltd.', 'Happiest Minds Technologies Ltd.', 'Go Fashion (India) Ltd.', 'Metro Brands Ltd.', 'C.E. Info Systems Ltd.', 'Tarsons Products Ltd.', 'Clean Science And Technology Ltd.', 'Devyani International Ltd.', 'G R Infra Projects Ltd.', 'Zomato Ltd.', 'Metropolis Healthcare Ltd.', 'Amber Enterprises India Pvt Ltd.', 'LatentView Analytics Ltd.', 'Vedant Fashions Ltd.', 'PB Fintech Ltd.', 'HDFC Standard Life Insurance Company Ltd.', ""Data Pattern'S (India) Ltd."", 'Aptus Value Housing Finance India Ltd.', 'Grameen Financial Services Pvt Ltd.', 'Avenue Supermarts Ltd.', 'SBI Life Insurance Company Ltd.', 'Star Health & Allied Insurance Co. Ltd.', 'Medplus Health Services Ltd.', 'Polycab India Ltd.', 'Lafarge India Ltd', 'Rossari Biotech Ltd.', 'Indigo Paints Ltd.', 'ICICI Securities Ltd.', 'Nifty 50', 'TCNS Clothing Co Ltd.', 'Aditya Birla Sun Life AMC Ltd.', 'Dodla Dairy Ltd.', 'Vijaya Diagnostic Centre Ltd.', 'RailTel Corporation India Ltd.', 'Route Mobile Ltd.', 'HDFC Asset Management Company Ltd.', 'Krsnaa Diagnostics Ltd.']","['Automobile', 'Healthcare', 'Financial', 'Financial', 'Services', 'Capital Goods', 'Financial', 'Technology', 'Services', 'Technology', 'Services', 'Consumer Discretionary', 'Technology', 'Healthcare', 'Chemicals', 'Services', 'Construction', 'Services', 'Healthcare', 'Consumer Discretionary', 'Technology', 'Textiles', 'Services', 'Insurance', 'Capital Goods', 'Financial', 'Financial', 'Services', 'Insurance', 'Insurance', 'Healthcare', 'Capital Goods', 'Materials', 'Chemicals', 'Materials', 'Financial', 'Others', 'Textiles', 'Financial', 'Consumer Staples', 'Healthcare', 'Communication', 'Technology', 'Financial', 'Healthcare']","['4.56%', '4.41%', '3.62%', '3.27%', '3.26%', '3.25%', '3.23%', '3.23%', '3.13%', '2.65%', '2.64%', '2.6%', '2.52%', '2.51%', '2.46%', '2.45%', '2.43%', '2.38%', '2.36%', '2.25%', '2.23%', '2.15%', '1.98%', '1.94%', '1.77%', '1.76%', '1.72%', '1.72%', '1.66%', '1.65%', '1.62%', '1.57%', '1.56%', '1.41%', '1.4%', '1.35%', '1.35%', '1.33%', '1.03%', '1%', '0.85%', '0.76%', '0.67%', '0.52%', '0.42%']"
